estado,numero_dias_sem_chuva,risco_fogo,precipitacao
DISTRITO FEDERAL,113.0,1.0,0.0
DISTRITO FEDERAL,120.0,1.0,0.0
DISTRITO FEDERAL,120.0,1.0,0.0
DISTRITO FEDERAL,120.0,1.0,0.0
DISTRITO FEDERAL,120.0,1.0,0.0
DISTRITO FEDERAL,120.0,1.0,0.0
DISTRITO FEDERAL,120.0,1.0,0.0
DISTRITO FEDERAL,120.0,1.0,0.0
DISTRITO FEDERAL,120.0,1.0,0.0
DISTRITO FEDERAL,120.0,1.0,0.0
DISTRITO FEDERAL,119.0,1.0,0.0
DISTRITO FEDERAL,105.0,1.0,0.0
DISTRITO FEDERAL,120.0,1.0,0.0
DISTRITO FEDERAL,120.0,1.0,0.0
DISTRITO FEDERAL,120.0,1.0,0.0
DISTRITO FEDERAL,120.0,1.0,0.0
DISTRITO FEDERAL,120.0,1.0,0.0
DISTRITO FEDERAL,120.0,1.0,0.0
DISTRITO FEDERAL,120.0,1.0,0.0
DISTRITO FEDERAL,120.0,1.0,0.0
DISTRITO FEDERAL,120.0,1.0,0.0
DISTRITO FEDERAL,120.0,1.0,0.0
DISTRITO FEDERAL,120.0,1.0,0.0
DISTRITO FEDERAL,120.0,1.0,0.0
DISTRITO FEDERAL,120.0,1.0,0.0
DISTRITO FEDERAL,120.0,1.0,0.0
DISTRITO FEDERAL,120.0,1.0,0.0
DISTRITO FEDERAL,119.0,1.0,0.0
DISTRITO FEDERAL,120.0,1.0,0.0
DISTRITO FEDERAL,120.0,1.0,0.0
DISTRITO FEDERAL,120.0,1.0,0.0
DISTRITO FEDERAL,120.0,1.0,0.0
DISTRITO FEDERAL,120.0,1.0,0.0
DISTRITO FEDERAL,120.0,1.0,0.0
DISTRITO FEDERAL,120.0,1.0,0.0
DISTRITO FEDERAL,120.0,1.0,0.0
DISTRITO FEDERAL,120.0,1.0,0.0
DISTRITO FEDERAL,120.0,1.0,0.0
DISTRITO FEDERAL,120.0,1.0,0.0
DISTRITO FEDERAL,120.0,1.0,0.0
DISTRITO FEDERAL,120.0,1.0,0.0
DISTRITO FEDERAL,120.0,1.0,0.0
DISTRITO FEDERAL,120.0,1.0,0.0
DISTRITO FEDERAL,120.0,1.0,0.0
DISTRITO FEDERAL,120.0,1.0,0.0
DISTRITO FEDERAL,120.0,1.0,0.0
DISTRITO FEDERAL,120.0,1.0,0.0
DISTRITO FEDERAL,120.0,1.0,0.0
DISTRITO FEDERAL,120.0,1.0,0.0
DISTRITO FEDERAL,120.0,1.0,0.0
DISTRITO FEDERAL,120.0,1.0,0.0
DISTRITO FEDERAL,114.0,1.0,0.0
DISTRITO FEDERAL,115.0,1.0,0.0
DISTRITO FEDERAL,115.0,1.0,0.0
DISTRITO FEDERAL,115.0,1.0,0.0
DISTRITO FEDERAL,115.0,1.0,0.0
DISTRITO FEDERAL,120.0,1.0,0.0
DISTRITO FEDERAL,120.0,1.0,0.0
DISTRITO FEDERAL,118.0,1.0,0.0
DISTRITO FEDERAL,120.0,1.0,0.0
DISTRITO FEDERAL,120.0,1.0,0.0
DISTRITO FEDERAL,67.0,1.0,0.0
DISTRITO FEDERAL,70.0,1.0,0.0
DISTRITO FEDERAL,115.0,1.0,0.0
DISTRITO FEDERAL,115.0,1.0,0.0
DISTRITO FEDERAL,115.0,1.0,0.0
DISTRITO FEDERAL,115.0,1.0,0.0
DISTRITO FEDERAL,69.0,1.0,0.0
DISTRITO FEDERAL,120.0,1.0,0.0
DISTRITO FEDERAL,117.0,1.0,0.0
DISTRITO FEDERAL,117.0,1.0,0.0
DISTRITO FEDERAL,118.0,1.0,0.0
DISTRITO FEDERAL,118.0,1.0,0.0
DISTRITO FEDERAL,120.0,1.0,0.0
DISTRITO FEDERAL,120.0,1.0,0.0
DISTRITO FEDERAL,120.0,1.0,0.0
DISTRITO FEDERAL,118.0,1.0,0.0
DISTRITO FEDERAL,119.0,1.0,0.0
DISTRITO FEDERAL,120.0,1.0,0.0
DISTRITO FEDERAL,118.0,1.0,0.0
DISTRITO FEDERAL,117.0,1.0,0.0
DISTRITO FEDERAL,119.0,1.0,0.0
DISTRITO FEDERAL,119.0,1.0,0.0
DISTRITO FEDERAL,119.0,1.0,0.0
DISTRITO FEDERAL,119.0,1.0,0.0
DISTRITO FEDERAL,119.0,1.0,0.0
DISTRITO FEDERAL,119.0,1.0,0.0
DISTRITO FEDERAL,120.0,1.0,0.0
DISTRITO FEDERAL,120.0,1.0,0.0
DISTRITO FEDERAL,119.0,1.0,0.0
DISTRITO FEDERAL,119.0,1.0,0.0
DISTRITO FEDERAL,119.0,1.0,0.0
DISTRITO FEDERAL,119.0,1.0,0.0
DISTRITO FEDERAL,119.0,1.0,0.0
DISTRITO FEDERAL,119.0,1.0,0.0
DISTRITO FEDERAL,120.0,1.0,0.0
DISTRITO FEDERAL,119.0,1.0,0.0
DISTRITO FEDERAL,119.0,1.0,0.0
DISTRITO FEDERAL,116.0,1.0,0.0
DISTRITO FEDERAL,119.0,1.0,0.0
DISTRITO FEDERAL,119.0,1.0,0.0
DISTRITO FEDERAL,119.0,1.0,0.0
DISTRITO FEDERAL,119.0,1.0,0.0
DISTRITO FEDERAL,119.0,1.0,0.0
DISTRITO FEDERAL,116.0,1.0,0.0
DISTRITO FEDERAL,116.0,1.0,0.0
DISTRITO FEDERAL,116.0,1.0,0.0
DISTRITO FEDERAL,118.0,1.0,0.0
DISTRITO FEDERAL,119.0,1.0,0.0
DISTRITO FEDERAL,119.0,1.0,0.0
DISTRITO FEDERAL,119.0,1.0,0.0
DISTRITO FEDERAL,118.0,1.0,0.0
DISTRITO FEDERAL,118.0,1.0,0.0
DISTRITO FEDERAL,119.0,1.0,0.0
DISTRITO FEDERAL,119.0,1.0,0.0
DISTRITO FEDERAL,119.0,1.0,0.0
DISTRITO FEDERAL,120.0,1.0,0.0
DISTRITO FEDERAL,120.0,1.0,0.0
DISTRITO FEDERAL,120.0,1.0,0.0
DISTRITO FEDERAL,120.0,1.0,0.0
DISTRITO FEDERAL,120.0,1.0,0.0
DISTRITO FEDERAL,120.0,1.0,0.0
DISTRITO FEDERAL,120.0,1.0,0.0
DISTRITO FEDERAL,120.0,1.0,0.0
DISTRITO FEDERAL,120.0,1.0,0.0
DISTRITO FEDERAL,120.0,1.0,0.0
DISTRITO FEDERAL,120.0,1.0,0.0
DISTRITO FEDERAL,119.0,1.0,0.0
DISTRITO FEDERAL,120.0,1.0,0.0
DISTRITO FEDERAL,120.0,1.0,0.0
DISTRITO FEDERAL,120.0,1.0,0.0
DISTRITO FEDERAL,120.0,1.0,0.0
DISTRITO FEDERAL,118.0,1.0,0.0
DISTRITO FEDERAL,120.0,1.0,0.0
DISTRITO FEDERAL,120.0,1.0,0.0
DISTRITO FEDERAL,120.0,1.0,0.0
DISTRITO FEDERAL,120.0,1.0,0.0
DISTRITO FEDERAL,115.0,1.0,0.0
DISTRITO FEDERAL,118.0,1.0,0.0
DISTRITO FEDERAL,118.0,1.0,0.0
DISTRITO FEDERAL,118.0,1.0,0.0
DISTRITO FEDERAL,116.0,1.0,0.0
DISTRITO FEDERAL,116.0,1.0,0.0
DISTRITO FEDERAL,115.0,1.0,0.0
DISTRITO FEDERAL,116.0,1.0,0.0
DISTRITO FEDERAL,116.0,1.0,0.0
DISTRITO FEDERAL,115.0,1.0,0.0
DISTRITO FEDERAL,118.0,1.0,0.0
DISTRITO FEDERAL,118.0,1.0,0.0
DISTRITO FEDERAL,118.0,1.0,0.0
DISTRITO FEDERAL,118.0,1.0,0.0
DISTRITO FEDERAL,119.0,1.0,0.0
DISTRITO FEDERAL,119.0,1.0,0.0
DISTRITO FEDERAL,119.0,1.0,0.0
DISTRITO FEDERAL,119.0,1.0,0.0
DISTRITO FEDERAL,117.0,1.0,0.0
DISTRITO FEDERAL,118.0,1.0,0.0
DISTRITO FEDERAL,118.0,1.0,0.0
DISTRITO FEDERAL,118.0,1.0,0.0
DISTRITO FEDERAL,118.0,1.0,0.0
DISTRITO FEDERAL,118.0,1.0,0.0
DISTRITO FEDERAL,119.0,1.0,0.0
DISTRITO FEDERAL,119.0,1.0,0.0
DISTRITO FEDERAL,119.0,1.0,0.0
DISTRITO FEDERAL,119.0,1.0,0.0
DISTRITO FEDERAL,119.0,1.0,0.0
DISTRITO FEDERAL,119.0,1.0,0.0
DISTRITO FEDERAL,119.0,1.0,0.0
DISTRITO FEDERAL,120.0,1.0,0.0
DISTRITO FEDERAL,120.0,1.0,0.0
DISTRITO FEDERAL,120.0,1.0,0.0
DISTRITO FEDERAL,120.0,1.0,0.0
DISTRITO FEDERAL,120.0,1.0,0.0
DISTRITO FEDERAL,120.0,1.0,0.0
DISTRITO FEDERAL,120.0,1.0,0.0
DISTRITO FEDERAL,120.0,1.0,0.0
DISTRITO FEDERAL,120.0,1.0,0.0
DISTRITO FEDERAL,120.0,1.0,0.0
DISTRITO FEDERAL,120.0,1.0,0.0
DISTRITO FEDERAL,120.0,1.0,0.0
DISTRITO FEDERAL,120.0,1.0,0.0
DISTRITO FEDERAL,120.0,1.0,0.0
DISTRITO FEDERAL,120.0,1.0,0.0
DISTRITO FEDERAL,120.0,1.0,0.0
DISTRITO FEDERAL,120.0,1.0,0.0
DISTRITO FEDERAL,120.0,1.0,0.0
DISTRITO FEDERAL,120.0,1.0,0.0
DISTRITO FEDERAL,118.0,1.0,0.0
DISTRITO FEDERAL,118.0,1.0,0.0
DISTRITO FEDERAL,118.0,1.0,0.0
DISTRITO FEDERAL,118.0,1.0,0.0
DISTRITO FEDERAL,120.0,1.0,0.0
DISTRITO FEDERAL,120.0,1.0,0.0
DISTRITO FEDERAL,120.0,1.0,0.0
DISTRITO FEDERAL,120.0,1.0,0.0
DISTRITO FEDERAL,120.0,1.0,0.0
DISTRITO FEDERAL,120.0,1.0,0.0
DISTRITO FEDERAL,120.0,1.0,0.0
DISTRITO FEDERAL,118.0,1.0,0.0
DISTRITO FEDERAL,118.0,1.0,0.0
DISTRITO FEDERAL,117.0,1.0,0.0
DISTRITO FEDERAL,116.0,1.0,0.0
DISTRITO FEDERAL,117.0,1.0,0.0
DISTRITO FEDERAL,118.0,1.0,0.0
DISTRITO FEDERAL,117.0,1.0,0.0
DISTRITO FEDERAL,118.0,1.0,0.0
DISTRITO FEDERAL,118.0,1.0,0.0
DISTRITO FEDERAL,118.0,1.0,0.0
DISTRITO FEDERAL,118.0,1.0,0.0
DISTRITO FEDERAL,119.0,1.0,0.0
DISTRITO FEDERAL,119.0,1.0,0.0
DISTRITO FEDERAL,119.0,1.0,0.0
DISTRITO FEDERAL,119.0,1.0,0.0
DISTRITO FEDERAL,120.0,1.0,0.0
DISTRITO FEDERAL,120.0,1.0,0.0
DISTRITO FEDERAL,120.0,1.0,0.0
DISTRITO FEDERAL,120.0,1.0,0.0
DISTRITO FEDERAL,120.0,1.0,0.0
DISTRITO FEDERAL,120.0,1.0,0.0
DISTRITO FEDERAL,120.0,1.0,0.0
DISTRITO FEDERAL,120.0,1.0,0.0
DISTRITO FEDERAL,120.0,1.0,0.0
DISTRITO FEDERAL,120.0,1.0,0.0
DISTRITO FEDERAL,120.0,1.0,0.0
DISTRITO FEDERAL,118.0,1.0,0.0
DISTRITO FEDERAL,115.0,1.0,0.0
DISTRITO FEDERAL,116.0,1.0,0.0
DISTRITO FEDERAL,115.0,1.0,0.0
DISTRITO FEDERAL,116.0,1.0,0.0
DISTRITO FEDERAL,116.0,1.0,0.0
DISTRITO FEDERAL,118.0,1.0,0.0
DISTRITO FEDERAL,118.0,1.0,0.0
DISTRITO FEDERAL,118.0,1.0,0.0
DISTRITO FEDERAL,118.0,1.0,0.0
DISTRITO FEDERAL,119.0,1.0,0.0
DISTRITO FEDERAL,119.0,1.0,0.0
DISTRITO FEDERAL,118.0,1.0,0.0
DISTRITO FEDERAL,119.0,1.0,0.0
DISTRITO FEDERAL,116.0,1.0,0.0
DISTRITO FEDERAL,115.0,1.0,0.0
DISTRITO FEDERAL,117.0,1.0,0.0
DISTRITO FEDERAL,115.0,1.0,0.0
DISTRITO FEDERAL,117.0,1.0,0.0
DISTRITO FEDERAL,118.0,1.0,0.0
DISTRITO FEDERAL,118.0,1.0,0.0
DISTRITO FEDERAL,119.0,1.0,0.0
DISTRITO FEDERAL,119.0,1.0,0.0
DISTRITO FEDERAL,120.0,1.0,0.0
DISTRITO FEDERAL,120.0,1.0,0.0
DISTRITO FEDERAL,120.0,1.0,0.0
DISTRITO FEDERAL,120.0,1.0,0.0
DISTRITO FEDERAL,120.0,1.0,0.0
DISTRITO FEDERAL,120.0,1.0,0.0
DISTRITO FEDERAL,120.0,1.0,0.0
DISTRITO FEDERAL,120.0,1.0,0.0
DISTRITO FEDERAL,120.0,1.0,0.0
DISTRITO FEDERAL,120.0,1.0,0.0
DISTRITO FEDERAL,120.0,1.0,0.0
DISTRITO FEDERAL,120.0,1.0,0.0
DISTRITO FEDERAL,120.0,1.0,0.0
DISTRITO FEDERAL,120.0,1.0,0.0
DISTRITO FEDERAL,120.0,1.0,0.0
DISTRITO FEDERAL,120.0,1.0,0.0
DISTRITO FEDERAL,120.0,1.0,0.0
DISTRITO FEDERAL,120.0,1.0,0.0
DISTRITO FEDERAL,120.0,1.0,0.0
DISTRITO FEDERAL,120.0,1.0,0.0
DISTRITO FEDERAL,120.0,1.0,0.0
DISTRITO FEDERAL,116.0,1.0,0.0
DISTRITO FEDERAL,116.0,1.0,0.0
DISTRITO FEDERAL,116.0,1.0,0.0
DISTRITO FEDERAL,116.0,1.0,0.0
DISTRITO FEDERAL,118.0,1.0,0.0
DISTRITO FEDERAL,119.0,1.0,0.0
DISTRITO FEDERAL,118.0,1.0,0.0
DISTRITO FEDERAL,118.0,1.0,0.0
DISTRITO FEDERAL,115.0,1.0,0.0
DISTRITO FEDERAL,118.0,1.0,0.0
DISTRITO FEDERAL,117.0,1.0,0.0
DISTRITO FEDERAL,118.0,1.0,0.0
DISTRITO FEDERAL,119.0,1.0,0.0
DISTRITO FEDERAL,119.0,1.0,0.0
DISTRITO FEDERAL,119.0,1.0,0.0
DISTRITO FEDERAL,104.0,1.0,0.0
DISTRITO FEDERAL,119.0,1.0,0.0
DISTRITO FEDERAL,118.0,1.0,0.0
DISTRITO FEDERAL,118.0,1.0,0.0
DISTRITO FEDERAL,118.0,1.0,0.0
DISTRITO FEDERAL,86.0,1.0,0.0
DISTRITO FEDERAL,104.0,1.0,0.0
DISTRITO FEDERAL,108.0,1.0,0.0
DISTRITO FEDERAL,118.0,1.0,0.0
DISTRITO FEDERAL,119.0,1.0,0.0
DISTRITO FEDERAL,119.0,1.0,0.0
DISTRITO FEDERAL,104.0,1.0,0.0
DISTRITO FEDERAL,118.0,1.0,0.0
DISTRITO FEDERAL,108.0,1.0,0.0
DISTRITO FEDERAL,119.0,1.0,0.0
DISTRITO FEDERAL,118.0,1.0,0.0
DISTRITO FEDERAL,104.0,1.0,0.0
DISTRITO FEDERAL,108.0,1.0,0.0
DISTRITO FEDERAL,104.0,1.0,0.0
DISTRITO FEDERAL,108.0,1.0,0.0
DISTRITO FEDERAL,118.0,1.0,0.0
DISTRITO FEDERAL,119.0,1.0,0.0
DISTRITO FEDERAL,119.0,1.0,0.0
DISTRITO FEDERAL,118.0,1.0,0.0
DISTRITO FEDERAL,104.0,1.0,0.0
DISTRITO FEDERAL,108.0,1.0,0.0
DISTRITO FEDERAL,104.0,1.0,0.0
DISTRITO FEDERAL,119.0,1.0,0.0
DISTRITO FEDERAL,118.0,1.0,0.0
DISTRITO FEDERAL,86.0,1.0,0.0
DISTRITO FEDERAL,104.0,1.0,0.0
DISTRITO FEDERAL,104.0,1.0,0.0
DISTRITO FEDERAL,86.0,1.0,0.0
DISTRITO FEDERAL,86.0,1.0,0.0
DISTRITO FEDERAL,104.0,1.0,0.0
DISTRITO FEDERAL,101.0,1.0,0.0
DISTRITO FEDERAL,100.0,1.0,0.0
DISTRITO FEDERAL,102.0,1.0,0.0
DISTRITO FEDERAL,120.0,1.0,0.0
DISTRITO FEDERAL,119.0,1.0,0.0
DISTRITO FEDERAL,119.0,1.0,0.0
DISTRITO FEDERAL,119.0,1.0,0.0
DISTRITO FEDERAL,109.0,1.0,0.0
DISTRITO FEDERAL,110.0,1.0,0.0
DISTRITO FEDERAL,104.0,1.0,0.0
DISTRITO FEDERAL,104.0,1.0,0.0
DISTRITO FEDERAL,104.0,1.0,0.0
DISTRITO FEDERAL,100.0,1.0,0.0
DISTRITO FEDERAL,119.0,1.0,0.0
DISTRITO FEDERAL,107.0,1.0,0.0
DISTRITO FEDERAL,107.0,1.0,0.0
DISTRITO FEDERAL,104.0,1.0,0.0
DISTRITO FEDERAL,104.0,1.0,0.0
DISTRITO FEDERAL,118.0,1.0,0.0
DISTRITO FEDERAL,94.0,1.0,0.0
DISTRITO FEDERAL,95.0,1.0,0.0
DISTRITO FEDERAL,96.0,1.0,0.0
DISTRITO FEDERAL,97.0,1.0,0.0
DISTRITO FEDERAL,103.0,1.0,0.0
DISTRITO FEDERAL,103.0,1.0,0.0
DISTRITO FEDERAL,105.0,1.0,0.0
DISTRITO FEDERAL,117.0,1.0,0.0
DISTRITO FEDERAL,116.0,1.0,0.0
DISTRITO FEDERAL,116.0,1.0,0.0
DISTRITO FEDERAL,120.0,1.0,0.0
DISTRITO FEDERAL,120.0,1.0,0.0
DISTRITO FEDERAL,119.0,1.0,0.0
DISTRITO FEDERAL,120.0,1.0,0.0
DISTRITO FEDERAL,119.0,1.0,0.0
DISTRITO FEDERAL,118.0,1.0,0.0
DISTRITO FEDERAL,118.0,1.0,0.0
DISTRITO FEDERAL,119.0,1.0,0.0
DISTRITO FEDERAL,119.0,1.0,0.0
DISTRITO FEDERAL,120.0,1.0,0.0
DISTRITO FEDERAL,120.0,1.0,0.0
DISTRITO FEDERAL,119.0,1.0,0.0
DISTRITO FEDERAL,120.0,1.0,0.0
DISTRITO FEDERAL,119.0,1.0,0.0
DISTRITO FEDERAL,119.0,1.0,0.0
DISTRITO FEDERAL,119.0,1.0,0.0
DISTRITO FEDERAL,118.0,1.0,0.0
DISTRITO FEDERAL,119.0,1.0,0.0
DISTRITO FEDERAL,118.0,1.0,0.0
DISTRITO FEDERAL,102.0,1.0,0.0
DISTRITO FEDERAL,102.0,1.0,0.0
DISTRITO FEDERAL,119.0,1.0,0.0
DISTRITO FEDERAL,119.0,1.0,0.0
DISTRITO FEDERAL,119.0,1.0,0.0
DISTRITO FEDERAL,100.0,1.0,0.0
DISTRITO FEDERAL,101.0,1.0,0.0
DISTRITO FEDERAL,108.0,1.0,0.0
DISTRITO FEDERAL,102.0,1.0,0.0
DISTRITO FEDERAL,108.0,1.0,0.0
DISTRITO FEDERAL,104.0,1.0,0.0
DISTRITO FEDERAL,109.0,1.0,0.0
DISTRITO FEDERAL,103.0,1.0,0.0
DISTRITO FEDERAL,104.0,1.0,0.0
DISTRITO FEDERAL,110.0,1.0,0.0
DISTRITO FEDERAL,104.0,1.0,0.0
DISTRITO FEDERAL,105.0,1.0,0.0
DISTRITO FEDERAL,106.0,1.0,0.0
DISTRITO FEDERAL,115.0,1.0,0.0
DISTRITO FEDERAL,116.0,1.0,0.0
DISTRITO FEDERAL,116.0,1.0,0.0
DISTRITO FEDERAL,118.0,1.0,0.0
DISTRITO FEDERAL,118.0,1.0,0.0
DISTRITO FEDERAL,119.0,1.0,0.0
DISTRITO FEDERAL,119.0,1.0,0.0
DISTRITO FEDERAL,120.0,1.0,0.0
DISTRITO FEDERAL,120.0,1.0,0.0
DISTRITO FEDERAL,120.0,1.0,0.0
DISTRITO FEDERAL,120.0,1.0,0.0
DISTRITO FEDERAL,120.0,1.0,0.0
DISTRITO FEDERAL,120.0,1.0,0.0
DISTRITO FEDERAL,119.0,1.0,0.0
DISTRITO FEDERAL,119.0,1.0,0.0
DISTRITO FEDERAL,119.0,1.0,0.0
DISTRITO FEDERAL,100.0,1.0,0.0
DISTRITO FEDERAL,101.0,1.0,0.0
DISTRITO FEDERAL,103.0,1.0,0.0
DISTRITO FEDERAL,108.0,1.0,0.0
DISTRITO FEDERAL,103.0,1.0,0.0
DISTRITO FEDERAL,104.0,1.0,0.0
DISTRITO FEDERAL,109.0,1.0,0.0
DISTRITO FEDERAL,110.0,1.0,0.0
DISTRITO FEDERAL,105.0,1.0,0.0
DISTRITO FEDERAL,108.0,1.0,0.0
DISTRITO FEDERAL,115.0,1.0,0.0
DISTRITO FEDERAL,115.0,1.0,0.0
DISTRITO FEDERAL,116.0,1.0,0.0
DISTRITO FEDERAL,117.0,1.0,0.0
DISTRITO FEDERAL,117.0,1.0,0.0
DISTRITO FEDERAL,116.0,1.0,0.0
DISTRITO FEDERAL,117.0,1.0,0.0
DISTRITO FEDERAL,118.0,1.0,0.0
DISTRITO FEDERAL,118.0,1.0,0.0
DISTRITO FEDERAL,118.0,1.0,0.0
DISTRITO FEDERAL,118.0,1.0,0.0
DISTRITO FEDERAL,119.0,1.0,0.0
DISTRITO FEDERAL,119.0,1.0,0.0
DISTRITO FEDERAL,119.0,1.0,0.0
DISTRITO FEDERAL,120.0,1.0,0.0
DISTRITO FEDERAL,120.0,1.0,0.0
DISTRITO FEDERAL,120.0,1.0,0.0
DISTRITO FEDERAL,120.0,1.0,0.0
DISTRITO FEDERAL,120.0,1.0,0.0
DISTRITO FEDERAL,120.0,1.0,0.0
DISTRITO FEDERAL,120.0,1.0,0.0
DISTRITO FEDERAL,120.0,1.0,0.0
DISTRITO FEDERAL,120.0,1.0,0.0
DISTRITO FEDERAL,120.0,1.0,0.0
DISTRITO FEDERAL,120.0,1.0,0.0
DISTRITO FEDERAL,120.0,1.0,0.0
DISTRITO FEDERAL,120.0,1.0,0.0
DISTRITO FEDERAL,120.0,1.0,0.0
DISTRITO FEDERAL,120.0,1.0,0.0
DISTRITO FEDERAL,119.0,1.0,0.0
DISTRITO FEDERAL,118.0,1.0,0.0
DISTRITO FEDERAL,119.0,1.0,0.0
DISTRITO FEDERAL,100.0,1.0,0.0
DISTRITO FEDERAL,104.0,1.0,0.0
DISTRITO FEDERAL,113.0,1.0,0.0
DISTRITO FEDERAL,117.0,1.0,0.0
DISTRITO FEDERAL,118.0,1.0,0.0
DISTRITO FEDERAL,118.0,1.0,0.0
DISTRITO FEDERAL,118.0,1.0,0.0
DISTRITO FEDERAL,120.0,1.0,0.0
DISTRITO FEDERAL,120.0,1.0,0.0
DISTRITO FEDERAL,119.0,1.0,0.0
DISTRITO FEDERAL,119.0,1.0,0.0
DISTRITO FEDERAL,104.0,1.0,0.0
DISTRITO FEDERAL,104.0,1.0,0.0
DISTRITO FEDERAL,119.0,1.0,0.0
DISTRITO FEDERAL,104.0,1.0,0.0
DISTRITO FEDERAL,104.0,1.0,0.0
DISTRITO FEDERAL,119.0,1.0,0.0
DISTRITO FEDERAL,118.0,1.0,0.0
DISTRITO FEDERAL,120.0,1.0,0.0
DISTRITO FEDERAL,119.0,1.0,0.0
DISTRITO FEDERAL,120.0,1.0,0.0
DISTRITO FEDERAL,118.0,1.0,0.0
DISTRITO FEDERAL,104.0,1.0,0.0
DISTRITO FEDERAL,119.0,1.0,0.0
DISTRITO FEDERAL,95.0,1.0,0.0
DISTRITO FEDERAL,98.0,1.0,0.0
DISTRITO FEDERAL,102.0,1.0,0.0
DISTRITO FEDERAL,105.0,1.0,0.0
DISTRITO FEDERAL,118.0,1.0,0.0
DISTRITO FEDERAL,119.0,1.0,0.0
DISTRITO FEDERAL,119.0,1.0,0.0
DISTRITO FEDERAL,119.0,1.0,0.0
DISTRITO FEDERAL,120.0,1.0,0.0
DISTRITO FEDERAL,120.0,1.0,0.0
DISTRITO FEDERAL,119.0,1.0,0.0
DISTRITO FEDERAL,120.0,1.0,0.0
DISTRITO FEDERAL,118.0,1.0,0.0
DISTRITO FEDERAL,109.0,1.0,0.0
DISTRITO FEDERAL,118.0,1.0,0.0
DISTRITO FEDERAL,120.0,1.0,0.0
DISTRITO FEDERAL,119.0,1.0,0.0
DISTRITO FEDERAL,119.0,1.0,0.0
DISTRITO FEDERAL,104.0,1.0,0.0
DISTRITO FEDERAL,119.0,1.0,0.0
DISTRITO FEDERAL,119.0,1.0,0.0
DISTRITO FEDERAL,118.0,1.0,0.0
DISTRITO FEDERAL,104.0,1.0,0.0
DISTRITO FEDERAL,119.0,1.0,0.0
DISTRITO FEDERAL,118.0,1.0,0.0
DISTRITO FEDERAL,119.0,1.0,0.0
DISTRITO FEDERAL,104.0,1.0,0.0
DISTRITO FEDERAL,118.0,1.0,0.0
DISTRITO FEDERAL,119.0,1.0,0.0
DISTRITO FEDERAL,119.0,1.0,0.0
DISTRITO FEDERAL,104.0,1.0,0.0
DISTRITO FEDERAL,104.0,1.0,0.0
DISTRITO FEDERAL,119.0,1.0,0.0
DISTRITO FEDERAL,104.0,1.0,0.0
DISTRITO FEDERAL,118.0,1.0,0.0
DISTRITO FEDERAL,118.0,1.0,0.0
DISTRITO FEDERAL,86.0,1.0,0.0
DISTRITO FEDERAL,109.0,1.0,0.0
DISTRITO FEDERAL,119.0,1.0,0.0
DISTRITO FEDERAL,104.0,1.0,0.0
DISTRITO FEDERAL,104.0,1.0,0.0
DISTRITO FEDERAL,109.0,1.0,0.0
DISTRITO FEDERAL,104.0,1.0,0.0
DISTRITO FEDERAL,104.0,1.0,0.0
DISTRITO FEDERAL,120.0,1.0,0.0
DISTRITO FEDERAL,120.0,1.0,0.0
DISTRITO FEDERAL,118.0,1.0,0.0
DISTRITO FEDERAL,98.0,1.0,0.0
DISTRITO FEDERAL,96.0,1.0,0.0
DISTRITO FEDERAL,95.0,1.0,0.0
DISTRITO FEDERAL,100.0,1.0,0.0
DISTRITO FEDERAL,99.0,1.0,0.0
DISTRITO FEDERAL,98.0,1.0,0.0
DISTRITO FEDERAL,97.0,1.0,0.0
DISTRITO FEDERAL,96.0,1.0,0.0
DISTRITO FEDERAL,101.0,1.0,0.0
DISTRITO FEDERAL,100.0,1.0,0.0
DISTRITO FEDERAL,110.0,1.0,0.0
DISTRITO FEDERAL,110.0,1.0,0.0
DISTRITO FEDERAL,115.0,1.0,0.0
DISTRITO FEDERAL,115.0,1.0,0.0
DISTRITO FEDERAL,118.0,1.0,0.0
DISTRITO FEDERAL,120.0,1.0,0.0
DISTRITO FEDERAL,120.0,1.0,0.0
DISTRITO FEDERAL,120.0,1.0,0.0
DISTRITO FEDERAL,120.0,1.0,0.0
DISTRITO FEDERAL,120.0,1.0,0.0
DISTRITO FEDERAL,120.0,1.0,0.0
DISTRITO FEDERAL,120.0,1.0,0.0
DISTRITO FEDERAL,120.0,1.0,0.0
DISTRITO FEDERAL,120.0,1.0,0.0
DISTRITO FEDERAL,114.0,1.0,0.0
DISTRITO FEDERAL,114.0,1.0,0.0
DISTRITO FEDERAL,114.0,1.0,0.0
DISTRITO FEDERAL,113.0,1.0,0.0
DISTRITO FEDERAL,114.0,1.0,0.0
DISTRITO FEDERAL,120.0,1.0,0.0
DISTRITO FEDERAL,114.0,1.0,0.0
DISTRITO FEDERAL,111.0,1.0,0.0
DISTRITO FEDERAL,96.0,1.0,0.0
DISTRITO FEDERAL,96.0,1.0,0.0
DISTRITO FEDERAL,103.0,1.0,0.0
DISTRITO FEDERAL,103.0,1.0,0.0
DISTRITO FEDERAL,97.0,1.0,0.0
DISTRITO FEDERAL,104.0,1.0,0.0
DISTRITO FEDERAL,100.0,1.0,0.0
DISTRITO FEDERAL,96.0,1.0,0.0
DISTRITO FEDERAL,97.0,1.0,0.0
DISTRITO FEDERAL,98.0,1.0,0.0
DISTRITO FEDERAL,120.0,1.0,0.0
DISTRITO FEDERAL,116.0,1.0,0.0
DISTRITO FEDERAL,114.0,1.0,0.0
DISTRITO FEDERAL,113.0,1.0,0.0
DISTRITO FEDERAL,114.0,1.0,0.0
DISTRITO FEDERAL,110.0,1.0,0.0
DISTRITO FEDERAL,110.0,1.0,0.0
DISTRITO FEDERAL,104.0,1.0,0.0
DISTRITO FEDERAL,101.0,1.0,0.0
DISTRITO FEDERAL,94.0,1.0,0.0
DISTRITO FEDERAL,95.0,1.0,0.0
DISTRITO FEDERAL,119.0,1.0,0.0
DISTRITO FEDERAL,120.0,1.0,0.0
DISTRITO FEDERAL,120.0,1.0,0.0
DISTRITO FEDERAL,104.0,1.0,0.0
DISTRITO FEDERAL,104.0,1.0,0.0
DISTRITO FEDERAL,104.0,1.0,0.0
DISTRITO FEDERAL,120.0,1.0,0.0
DISTRITO FEDERAL,103.0,1.0,0.0
DISTRITO FEDERAL,102.0,1.0,0.0
DISTRITO FEDERAL,95.0,1.0,0.0
DISTRITO FEDERAL,104.0,1.0,0.0
DISTRITO FEDERAL,95.0,1.0,0.0
DISTRITO FEDERAL,98.0,1.0,0.0
DISTRITO FEDERAL,105.0,1.0,0.0
DISTRITO FEDERAL,108.0,1.0,0.0
DISTRITO FEDERAL,108.0,1.0,0.0
DISTRITO FEDERAL,112.0,1.0,0.0
DISTRITO FEDERAL,115.0,1.0,0.0
DISTRITO FEDERAL,117.0,1.0,0.0
DISTRITO FEDERAL,119.0,1.0,0.0
DISTRITO FEDERAL,119.0,1.0,0.0
DISTRITO FEDERAL,119.0,1.0,0.0
DISTRITO FEDERAL,119.0,1.0,0.0
DISTRITO FEDERAL,119.0,1.0,0.0
DISTRITO FEDERAL,104.0,1.0,0.0
DISTRITO FEDERAL,120.0,1.0,0.0
DISTRITO FEDERAL,110.0,1.0,0.0
DISTRITO FEDERAL,116.0,1.0,0.0
DISTRITO FEDERAL,116.0,1.0,0.0
DISTRITO FEDERAL,117.0,1.0,0.0
DISTRITO FEDERAL,117.0,1.0,0.0
DISTRITO FEDERAL,117.0,1.0,0.0
DISTRITO FEDERAL,103.0,1.0,0.0
DISTRITO FEDERAL,117.0,1.0,0.0
DISTRITO FEDERAL,106.0,1.0,0.0
DISTRITO FEDERAL,120.0,1.0,0.0
DISTRITO FEDERAL,120.0,1.0,0.0
DISTRITO FEDERAL,120.0,1.0,0.0
DISTRITO FEDERAL,120.0,1.0,0.0
DISTRITO FEDERAL,115.0,1.0,0.0
DISTRITO FEDERAL,113.0,1.0,0.0
DISTRITO FEDERAL,120.0,1.0,0.0
DISTRITO FEDERAL,119.0,1.0,0.0
DISTRITO FEDERAL,118.0,1.0,0.0
DISTRITO FEDERAL,106.0,1.0,0.0
DISTRITO FEDERAL,118.0,1.0,0.0
DISTRITO FEDERAL,118.0,1.0,0.0
DISTRITO FEDERAL,118.0,1.0,0.0
DISTRITO FEDERAL,104.0,1.0,0.0
DISTRITO FEDERAL,118.0,1.0,0.0
DISTRITO FEDERAL,118.0,1.0,0.0
DISTRITO FEDERAL,118.0,1.0,0.0
DISTRITO FEDERAL,117.0,1.0,0.0
DISTRITO FEDERAL,117.0,1.0,0.0
DISTRITO FEDERAL,117.0,1.0,0.0
DISTRITO FEDERAL,118.0,1.0,0.0
DISTRITO FEDERAL,117.0,1.0,0.0
DISTRITO FEDERAL,117.0,1.0,0.0
DISTRITO FEDERAL,117.0,1.0,0.0
DISTRITO FEDERAL,118.0,1.0,0.0
DISTRITO FEDERAL,119.0,1.0,0.0
DISTRITO FEDERAL,120.0,1.0,0.0
DISTRITO FEDERAL,116.0,1.0,0.0
DISTRITO FEDERAL,116.0,1.0,0.0
DISTRITO FEDERAL,117.0,1.0,0.0
DISTRITO FEDERAL,117.0,1.0,0.0
DISTRITO FEDERAL,120.0,1.0,0.0
DISTRITO FEDERAL,118.0,1.0,0.0
DISTRITO FEDERAL,115.0,1.0,0.0
DISTRITO FEDERAL,117.0,1.0,0.0
DISTRITO FEDERAL,118.0,1.0,0.0
DISTRITO FEDERAL,117.0,1.0,0.0
DISTRITO FEDERAL,117.0,1.0,0.0
DISTRITO FEDERAL,117.0,1.0,0.0
DISTRITO FEDERAL,117.0,1.0,0.0
DISTRITO FEDERAL,119.0,1.0,0.0
DISTRITO FEDERAL,116.0,1.0,0.0
DISTRITO FEDERAL,119.0,1.0,0.0
DISTRITO FEDERAL,119.0,1.0,0.0
DISTRITO FEDERAL,117.0,1.0,0.0
DISTRITO FEDERAL,118.0,1.0,0.0
DISTRITO FEDERAL,118.0,1.0,0.0
DISTRITO FEDERAL,118.0,1.0,0.0
DISTRITO FEDERAL,118.0,1.0,0.0
DISTRITO FEDERAL,117.0,1.0,0.0
DISTRITO FEDERAL,117.0,1.0,0.0
DISTRITO FEDERAL,117.0,1.0,0.0
DISTRITO FEDERAL,117.0,1.0,0.0
DISTRITO FEDERAL,117.0,1.0,0.0
DISTRITO FEDERAL,117.0,1.0,0.0
DISTRITO FEDERAL,117.0,1.0,0.0
DISTRITO FEDERAL,119.0,1.0,0.0
DISTRITO FEDERAL,118.0,1.0,0.0
DISTRITO FEDERAL,120.0,1.0,0.0
DISTRITO FEDERAL,120.0,1.0,0.0
DISTRITO FEDERAL,119.0,1.0,0.0
DISTRITO FEDERAL,119.0,1.0,0.0
DISTRITO FEDERAL,118.0,1.0,0.0
DISTRITO FEDERAL,118.0,1.0,0.0
DISTRITO FEDERAL,119.0,1.0,0.0
DISTRITO FEDERAL,119.0,1.0,0.0
DISTRITO FEDERAL,118.0,1.0,0.0
DISTRITO FEDERAL,117.0,1.0,0.0
DISTRITO FEDERAL,117.0,1.0,0.0
DISTRITO FEDERAL,118.0,1.0,0.0
DISTRITO FEDERAL,118.0,1.0,0.0
DISTRITO FEDERAL,118.0,1.0,0.0
DISTRITO FEDERAL,120.0,1.0,0.0
DISTRITO FEDERAL,120.0,1.0,0.0
DISTRITO FEDERAL,120.0,1.0,0.0
DISTRITO FEDERAL,120.0,1.0,0.0
DISTRITO FEDERAL,119.0,1.0,0.0
DISTRITO FEDERAL,119.0,1.0,0.0
DISTRITO FEDERAL,119.0,1.0,0.0
DISTRITO FEDERAL,119.0,1.0,0.0
DISTRITO FEDERAL,119.0,1.0,0.0
DISTRITO FEDERAL,119.0,1.0,0.0
DISTRITO FEDERAL,119.0,1.0,0.0
DISTRITO FEDERAL,118.0,1.0,0.0
DISTRITO FEDERAL,119.0,1.0,0.0
DISTRITO FEDERAL,119.0,1.0,0.0
DISTRITO FEDERAL,119.0,1.0,0.0
DISTRITO FEDERAL,119.0,1.0,0.0
DISTRITO FEDERAL,119.0,1.0,0.0
DISTRITO FEDERAL,119.0,1.0,0.0
DISTRITO FEDERAL,113.0,1.0,0.0
DISTRITO FEDERAL,114.0,1.0,0.0
DISTRITO FEDERAL,119.0,1.0,0.0
DISTRITO FEDERAL,119.0,1.0,0.0
DISTRITO FEDERAL,120.0,1.0,0.0
DISTRITO FEDERAL,118.0,1.0,0.0
DISTRITO FEDERAL,118.0,1.0,0.0
DISTRITO FEDERAL,119.0,1.0,0.0
DISTRITO FEDERAL,118.0,1.0,0.0
DISTRITO FEDERAL,119.0,1.0,0.0
DISTRITO FEDERAL,119.0,1.0,0.0
DISTRITO FEDERAL,115.0,1.0,0.0
DISTRITO FEDERAL,114.0,1.0,0.0
DISTRITO FEDERAL,120.0,1.0,0.0
DISTRITO FEDERAL,120.0,1.0,0.0
DISTRITO FEDERAL,118.0,1.0,0.0
DISTRITO FEDERAL,118.0,1.0,0.0
DISTRITO FEDERAL,118.0,1.0,0.0
DISTRITO FEDERAL,118.0,1.0,0.0
DISTRITO FEDERAL,119.0,1.0,0.0
DISTRITO FEDERAL,118.0,1.0,0.0
DISTRITO FEDERAL,118.0,1.0,0.0
DISTRITO FEDERAL,119.0,1.0,0.0
DISTRITO FEDERAL,119.0,1.0,0.0
DISTRITO FEDERAL,118.0,1.0,0.0
DISTRITO FEDERAL,119.0,1.0,0.0
DISTRITO FEDERAL,119.0,1.0,0.0
DISTRITO FEDERAL,120.0,1.0,0.0
DISTRITO FEDERAL,119.0,1.0,0.0
DISTRITO FEDERAL,119.0,1.0,0.0
DISTRITO FEDERAL,116.0,1.0,0.0
DISTRITO FEDERAL,115.0,1.0,0.0
DISTRITO FEDERAL,115.0,1.0,0.0
DISTRITO FEDERAL,115.0,1.0,0.0
DISTRITO FEDERAL,115.0,1.0,0.0
DISTRITO FEDERAL,115.0,1.0,0.0
DISTRITO FEDERAL,114.0,1.0,0.0
DISTRITO FEDERAL,114.0,1.0,0.0
DISTRITO FEDERAL,114.0,1.0,0.0
DISTRITO FEDERAL,120.0,1.0,0.0
DISTRITO FEDERAL,120.0,1.0,0.0
DISTRITO FEDERAL,118.0,1.0,0.0
DISTRITO FEDERAL,118.0,1.0,0.0
DISTRITO FEDERAL,118.0,1.0,0.0
DISTRITO FEDERAL,119.0,1.0,0.0
DISTRITO FEDERAL,119.0,1.0,0.0
DISTRITO FEDERAL,118.0,1.0,0.0
DISTRITO FEDERAL,118.0,1.0,0.0
DISTRITO FEDERAL,119.0,1.0,0.0
DISTRITO FEDERAL,119.0,1.0,0.0
DISTRITO FEDERAL,119.0,1.0,0.0
DISTRITO FEDERAL,119.0,1.0,0.0
DISTRITO FEDERAL,119.0,1.0,0.0
DISTRITO FEDERAL,120.0,1.0,0.0
DISTRITO FEDERAL,120.0,1.0,0.0
DISTRITO FEDERAL,116.0,1.0,0.0
DISTRITO FEDERAL,116.0,1.0,0.0
DISTRITO FEDERAL,116.0,1.0,0.0
DISTRITO FEDERAL,115.0,1.0,0.0
DISTRITO FEDERAL,115.0,1.0,0.0
DISTRITO FEDERAL,116.0,1.0,0.0
DISTRITO FEDERAL,115.0,1.0,0.0
DISTRITO FEDERAL,114.0,1.0,0.0
DISTRITO FEDERAL,120.0,1.0,0.0
DISTRITO FEDERAL,119.0,1.0,0.0
DISTRITO FEDERAL,119.0,1.0,0.0
DISTRITO FEDERAL,116.0,1.0,0.0
DISTRITO FEDERAL,115.0,1.0,0.0
DISTRITO FEDERAL,115.0,1.0,0.0
DISTRITO FEDERAL,116.0,1.0,0.0
DISTRITO FEDERAL,115.0,1.0,0.0
DISTRITO FEDERAL,118.0,1.0,0.0
DISTRITO FEDERAL,119.0,1.0,0.0
DISTRITO FEDERAL,119.0,1.0,0.0
DISTRITO FEDERAL,119.0,1.0,0.0
DISTRITO FEDERAL,119.0,1.0,0.0
DISTRITO FEDERAL,120.0,1.0,0.0
DISTRITO FEDERAL,116.0,1.0,0.0
DISTRITO FEDERAL,115.0,1.0,0.0
DISTRITO FEDERAL,116.0,1.0,0.0
DISTRITO FEDERAL,114.0,1.0,0.0
DISTRITO FEDERAL,120.0,1.0,0.0
DISTRITO FEDERAL,120.0,1.0,0.0
DISTRITO FEDERAL,120.0,1.0,0.0
DISTRITO FEDERAL,120.0,1.0,0.0
DISTRITO FEDERAL,120.0,1.0,0.0
DISTRITO FEDERAL,120.0,1.0,0.0
DISTRITO FEDERAL,119.0,1.0,0.0
DISTRITO FEDERAL,119.0,1.0,0.0
DISTRITO FEDERAL,120.0,1.0,0.0
DISTRITO FEDERAL,120.0,1.0,0.0
DISTRITO FEDERAL,120.0,1.0,0.0
DISTRITO FEDERAL,120.0,1.0,0.0
DISTRITO FEDERAL,120.0,1.0,0.0
DISTRITO FEDERAL,120.0,1.0,0.0
DISTRITO FEDERAL,120.0,1.0,0.0
DISTRITO FEDERAL,120.0,1.0,0.0
DISTRITO FEDERAL,120.0,1.0,0.0
DISTRITO FEDERAL,120.0,1.0,0.0
DISTRITO FEDERAL,120.0,1.0,0.0
DISTRITO FEDERAL,120.0,1.0,0.0
DISTRITO FEDERAL,120.0,1.0,0.0
DISTRITO FEDERAL,120.0,1.0,0.0
DISTRITO FEDERAL,120.0,1.0,0.0
DISTRITO FEDERAL,120.0,1.0,0.0
DISTRITO FEDERAL,120.0,1.0,0.0
DISTRITO FEDERAL,118.0,1.0,0.0
DISTRITO FEDERAL,118.0,1.0,0.0
DISTRITO FEDERAL,119.0,1.0,0.0
DISTRITO FEDERAL,118.0,1.0,0.0
DISTRITO FEDERAL,120.0,1.0,0.0
DISTRITO FEDERAL,120.0,1.0,0.0
DISTRITO FEDERAL,120.0,1.0,0.0
DISTRITO FEDERAL,120.0,1.0,0.0
DISTRITO FEDERAL,120.0,1.0,0.0
DISTRITO FEDERAL,120.0,1.0,0.0
DISTRITO FEDERAL,120.0,1.0,0.0
DISTRITO FEDERAL,120.0,1.0,0.0
DISTRITO FEDERAL,120.0,1.0,0.0
DISTRITO FEDERAL,120.0,1.0,0.0
DISTRITO FEDERAL,120.0,1.0,0.0
DISTRITO FEDERAL,120.0,1.0,0.0
DISTRITO FEDERAL,120.0,1.0,0.0
DISTRITO FEDERAL,120.0,1.0,0.0
DISTRITO FEDERAL,120.0,1.0,0.0
DISTRITO FEDERAL,120.0,1.0,0.0
DISTRITO FEDERAL,120.0,1.0,0.0
DISTRITO FEDERAL,120.0,1.0,0.0
DISTRITO FEDERAL,120.0,1.0,0.0
DISTRITO FEDERAL,120.0,1.0,0.0
DISTRITO FEDERAL,120.0,1.0,0.0
DISTRITO FEDERAL,120.0,1.0,0.0
DISTRITO FEDERAL,120.0,1.0,0.0
DISTRITO FEDERAL,120.0,1.0,0.0
DISTRITO FEDERAL,120.0,1.0,0.0
DISTRITO FEDERAL,120.0,1.0,0.0
DISTRITO FEDERAL,109.0,1.0,0.0
DISTRITO FEDERAL,120.0,1.0,0.0
DISTRITO FEDERAL,120.0,1.0,0.0
DISTRITO FEDERAL,120.0,1.0,0.0
DISTRITO FEDERAL,120.0,1.0,0.0
DISTRITO FEDERAL,120.0,1.0,0.0
DISTRITO FEDERAL,120.0,1.0,0.0
DISTRITO FEDERAL,120.0,1.0,0.0
DISTRITO FEDERAL,120.0,1.0,0.0
DISTRITO FEDERAL,120.0,1.0,0.0
DISTRITO FEDERAL,120.0,1.0,0.0
DISTRITO FEDERAL,120.0,1.0,0.0
DISTRITO FEDERAL,120.0,1.0,0.0
DISTRITO FEDERAL,120.0,1.0,0.0
DISTRITO FEDERAL,120.0,1.0,0.0
DISTRITO FEDERAL,120.0,1.0,0.0
DISTRITO FEDERAL,120.0,1.0,0.0
DISTRITO FEDERAL,120.0,1.0,0.0
DISTRITO FEDERAL,120.0,1.0,0.0
DISTRITO FEDERAL,120.0,1.0,0.0
DISTRITO FEDERAL,120.0,1.0,0.0
DISTRITO FEDERAL,120.0,1.0,0.0
DISTRITO FEDERAL,120.0,1.0,0.0
DISTRITO FEDERAL,120.0,1.0,0.0
DISTRITO FEDERAL,120.0,1.0,0.0
DISTRITO FEDERAL,120.0,1.0,0.0
DISTRITO FEDERAL,120.0,1.0,0.0
DISTRITO FEDERAL,120.0,1.0,0.0
DISTRITO FEDERAL,120.0,1.0,0.0
DISTRITO FEDERAL,120.0,1.0,0.0
DISTRITO FEDERAL,120.0,1.0,0.0
DISTRITO FEDERAL,120.0,1.0,0.0
DISTRITO FEDERAL,120.0,1.0,0.0
DISTRITO FEDERAL,120.0,1.0,0.0
DISTRITO FEDERAL,120.0,1.0,0.0
DISTRITO FEDERAL,120.0,1.0,0.0
DISTRITO FEDERAL,120.0,1.0,0.0
DISTRITO FEDERAL,120.0,1.0,0.0
DISTRITO FEDERAL,120.0,1.0,0.0
DISTRITO FEDERAL,120.0,1.0,0.0
DISTRITO FEDERAL,120.0,1.0,0.0
DISTRITO FEDERAL,120.0,1.0,0.0
DISTRITO FEDERAL,120.0,1.0,0.0
DISTRITO FEDERAL,120.0,1.0,0.0
DISTRITO FEDERAL,120.0,1.0,0.0
DISTRITO FEDERAL,120.0,1.0,0.0
DISTRITO FEDERAL,120.0,1.0,0.0
DISTRITO FEDERAL,120.0,1.0,0.0
DISTRITO FEDERAL,120.0,1.0,0.0
DISTRITO FEDERAL,120.0,1.0,0.0
DISTRITO FEDERAL,120.0,1.0,0.0
DISTRITO FEDERAL,120.0,1.0,0.0
DISTRITO FEDERAL,120.0,1.0,0.0
DISTRITO FEDERAL,120.0,1.0,0.0
DISTRITO FEDERAL,120.0,1.0,0.0
DISTRITO FEDERAL,120.0,1.0,0.0
DISTRITO FEDERAL,120.0,1.0,0.0
DISTRITO FEDERAL,120.0,1.0,0.0
DISTRITO FEDERAL,120.0,1.0,0.0
DISTRITO FEDERAL,120.0,1.0,0.0
DISTRITO FEDERAL,120.0,1.0,0.0
DISTRITO FEDERAL,120.0,1.0,0.0
DISTRITO FEDERAL,120.0,1.0,0.0
DISTRITO FEDERAL,120.0,1.0,0.0
DISTRITO FEDERAL,119.0,1.0,0.0
DISTRITO FEDERAL,120.0,1.0,0.0
DISTRITO FEDERAL,120.0,1.0,0.0
DISTRITO FEDERAL,120.0,1.0,0.0
DISTRITO FEDERAL,120.0,1.0,0.0
DISTRITO FEDERAL,120.0,1.0,0.0
DISTRITO FEDERAL,120.0,1.0,0.0
DISTRITO FEDERAL,120.0,1.0,0.0
DISTRITO FEDERAL,120.0,1.0,0.0
DISTRITO FEDERAL,120.0,1.0,0.0
DISTRITO FEDERAL,120.0,1.0,0.0
DISTRITO FEDERAL,120.0,1.0,0.0
DISTRITO FEDERAL,120.0,1.0,0.0
DISTRITO FEDERAL,120.0,1.0,0.0
DISTRITO FEDERAL,120.0,1.0,0.0
DISTRITO FEDERAL,120.0,1.0,0.0
DISTRITO FEDERAL,120.0,1.0,0.0
DISTRITO FEDERAL,120.0,1.0,0.0
DISTRITO FEDERAL,120.0,1.0,0.0
DISTRITO FEDERAL,120.0,1.0,0.0
DISTRITO FEDERAL,120.0,1.0,0.0
DISTRITO FEDERAL,120.0,1.0,0.0
DISTRITO FEDERAL,119.0,1.0,0.0
DISTRITO FEDERAL,120.0,1.0,0.0
DISTRITO FEDERAL,120.0,1.0,0.0
DISTRITO FEDERAL,120.0,1.0,0.0
DISTRITO FEDERAL,120.0,1.0,0.0
DISTRITO FEDERAL,120.0,1.0,0.0
DISTRITO FEDERAL,120.0,1.0,0.0
DISTRITO FEDERAL,120.0,1.0,0.0
DISTRITO FEDERAL,120.0,1.0,0.0
DISTRITO FEDERAL,120.0,1.0,0.0
DISTRITO FEDERAL,120.0,1.0,0.0
DISTRITO FEDERAL,120.0,1.0,0.0
DISTRITO FEDERAL,120.0,1.0,0.0
DISTRITO FEDERAL,120.0,1.0,0.0
DISTRITO FEDERAL,120.0,1.0,0.0
DISTRITO FEDERAL,120.0,1.0,0.0
DISTRITO FEDERAL,120.0,1.0,0.0
DISTRITO FEDERAL,120.0,1.0,0.0
DISTRITO FEDERAL,120.0,1.0,0.0
DISTRITO FEDERAL,120.0,1.0,0.0
DISTRITO FEDERAL,120.0,1.0,0.0
DISTRITO FEDERAL,120.0,1.0,0.0
DISTRITO FEDERAL,120.0,1.0,0.0
DISTRITO FEDERAL,120.0,1.0,0.0
DISTRITO FEDERAL,120.0,1.0,0.0
DISTRITO FEDERAL,120.0,1.0,0.0
DISTRITO FEDERAL,120.0,1.0,0.0
DISTRITO FEDERAL,120.0,1.0,0.0
DISTRITO FEDERAL,120.0,1.0,0.0
DISTRITO FEDERAL,120.0,1.0,0.0
DISTRITO FEDERAL,120.0,1.0,0.0
DISTRITO FEDERAL,120.0,1.0,0.0
DISTRITO FEDERAL,120.0,1.0,0.0
DISTRITO FEDERAL,120.0,1.0,0.0
DISTRITO FEDERAL,120.0,1.0,0.0
DISTRITO FEDERAL,120.0,1.0,0.0
DISTRITO FEDERAL,120.0,1.0,0.0
DISTRITO FEDERAL,120.0,1.0,0.0
DISTRITO FEDERAL,120.0,1.0,0.0
DISTRITO FEDERAL,120.0,1.0,0.0
DISTRITO FEDERAL,120.0,1.0,0.0
DISTRITO FEDERAL,120.0,1.0,0.0
DISTRITO FEDERAL,120.0,1.0,0.0
DISTRITO FEDERAL,120.0,1.0,0.0
DISTRITO FEDERAL,120.0,1.0,0.0
DISTRITO FEDERAL,120.0,1.0,0.0
DISTRITO FEDERAL,120.0,1.0,0.0
DISTRITO FEDERAL,120.0,1.0,0.0
DISTRITO FEDERAL,120.0,1.0,0.0
DISTRITO FEDERAL,120.0,1.0,0.0
DISTRITO FEDERAL,120.0,1.0,0.0
DISTRITO FEDERAL,120.0,1.0,0.0
DISTRITO FEDERAL,120.0,1.0,0.0
DISTRITO FEDERAL,120.0,1.0,0.0
DISTRITO FEDERAL,120.0,1.0,0.0
DISTRITO FEDERAL,120.0,1.0,0.0
DISTRITO FEDERAL,120.0,1.0,0.0
DISTRITO FEDERAL,120.0,1.0,0.0
DISTRITO FEDERAL,120.0,1.0,0.0
DISTRITO FEDERAL,119.0,1.0,0.0
DISTRITO FEDERAL,119.0,1.0,0.0
DISTRITO FEDERAL,119.0,1.0,0.0
DISTRITO FEDERAL,119.0,1.0,0.0
DISTRITO FEDERAL,119.0,1.0,0.0
DISTRITO FEDERAL,120.0,1.0,0.0
DISTRITO FEDERAL,120.0,1.0,0.0
DISTRITO FEDERAL,120.0,1.0,0.0
DISTRITO FEDERAL,120.0,1.0,0.0
DISTRITO FEDERAL,120.0,1.0,0.0
DISTRITO FEDERAL,120.0,1.0,0.0
DISTRITO FEDERAL,120.0,1.0,0.0
DISTRITO FEDERAL,120.0,1.0,0.0
DISTRITO FEDERAL,120.0,1.0,0.0
DISTRITO FEDERAL,120.0,1.0,0.0
DISTRITO FEDERAL,120.0,1.0,0.0
DISTRITO FEDERAL,120.0,1.0,0.0
DISTRITO FEDERAL,120.0,1.0,0.0
DISTRITO FEDERAL,120.0,1.0,0.0
DISTRITO FEDERAL,120.0,1.0,0.0
DISTRITO FEDERAL,120.0,1.0,0.0
DISTRITO FEDERAL,120.0,1.0,0.0
DISTRITO FEDERAL,120.0,1.0,0.0
DISTRITO FEDERAL,119.0,1.0,0.0
DISTRITO FEDERAL,120.0,1.0,0.0
DISTRITO FEDERAL,120.0,1.0,0.0
DISTRITO FEDERAL,120.0,1.0,0.0
DISTRITO FEDERAL,120.0,1.0,0.0
DISTRITO FEDERAL,120.0,1.0,0.0
DISTRITO FEDERAL,120.0,1.0,0.0
DISTRITO FEDERAL,120.0,1.0,0.0
DISTRITO FEDERAL,120.0,1.0,0.0
DISTRITO FEDERAL,120.0,1.0,0.0
DISTRITO FEDERAL,120.0,1.0,0.0
DISTRITO FEDERAL,120.0,1.0,0.0
DISTRITO FEDERAL,120.0,1.0,0.0
DISTRITO FEDERAL,120.0,1.0,0.0
DISTRITO FEDERAL,120.0,1.0,0.0
DISTRITO FEDERAL,120.0,1.0,0.0
DISTRITO FEDERAL,120.0,1.0,0.0
DISTRITO FEDERAL,120.0,1.0,0.0
DISTRITO FEDERAL,120.0,1.0,0.0
DISTRITO FEDERAL,120.0,1.0,0.0
DISTRITO FEDERAL,120.0,1.0,0.0
DISTRITO FEDERAL,120.0,1.0,0.0
DISTRITO FEDERAL,120.0,1.0,0.0
DISTRITO FEDERAL,120.0,1.0,0.0
DISTRITO FEDERAL,120.0,1.0,0.0
DISTRITO FEDERAL,120.0,1.0,0.0
DISTRITO FEDERAL,120.0,1.0,0.0
DISTRITO FEDERAL,120.0,1.0,0.0
DISTRITO FEDERAL,120.0,1.0,0.0
DISTRITO FEDERAL,120.0,1.0,0.0
DISTRITO FEDERAL,120.0,1.0,0.0
DISTRITO FEDERAL,120.0,1.0,0.0
DISTRITO FEDERAL,120.0,1.0,0.0
DISTRITO FEDERAL,120.0,1.0,0.0
DISTRITO FEDERAL,120.0,1.0,0.0
DISTRITO FEDERAL,120.0,1.0,0.0
DISTRITO FEDERAL,120.0,1.0,0.0
DISTRITO FEDERAL,120.0,1.0,0.0
DISTRITO FEDERAL,120.0,1.0,0.0
DISTRITO FEDERAL,120.0,1.0,0.0
DISTRITO FEDERAL,119.0,1.0,0.0
DISTRITO FEDERAL,120.0,1.0,0.0
DISTRITO FEDERAL,120.0,1.0,0.0
DISTRITO FEDERAL,120.0,1.0,0.0
DISTRITO FEDERAL,120.0,1.0,0.0
DISTRITO FEDERAL,120.0,1.0,0.0
DISTRITO FEDERAL,120.0,1.0,0.0
DISTRITO FEDERAL,120.0,1.0,0.0
DISTRITO FEDERAL,120.0,1.0,0.0
DISTRITO FEDERAL,120.0,1.0,0.0
DISTRITO FEDERAL,120.0,1.0,0.0
DISTRITO FEDERAL,120.0,1.0,0.0
DISTRITO FEDERAL,120.0,1.0,0.0
DISTRITO FEDERAL,120.0,1.0,0.0
DISTRITO FEDERAL,120.0,1.0,0.0
DISTRITO FEDERAL,120.0,1.0,0.0
DISTRITO FEDERAL,120.0,1.0,0.0
DISTRITO FEDERAL,120.0,1.0,0.0
DISTRITO FEDERAL,120.0,1.0,0.0
DISTRITO FEDERAL,120.0,1.0,0.0
DISTRITO FEDERAL,120.0,1.0,0.0
DISTRITO FEDERAL,120.0,1.0,0.0
DISTRITO FEDERAL,120.0,1.0,0.0
DISTRITO FEDERAL,120.0,1.0,0.0
DISTRITO FEDERAL,120.0,1.0,0.0
DISTRITO FEDERAL,120.0,1.0,0.0
DISTRITO FEDERAL,120.0,1.0,0.0
DISTRITO FEDERAL,120.0,1.0,0.0
DISTRITO FEDERAL,120.0,1.0,0.0
DISTRITO FEDERAL,120.0,1.0,0.0
DISTRITO FEDERAL,120.0,1.0,0.0
DISTRITO FEDERAL,120.0,1.0,0.0
DISTRITO FEDERAL,120.0,1.0,0.0
DISTRITO FEDERAL,120.0,1.0,0.0
DISTRITO FEDERAL,120.0,1.0,0.0
DISTRITO FEDERAL,120.0,1.0,0.0
DISTRITO FEDERAL,120.0,1.0,0.0
DISTRITO FEDERAL,119.0,1.0,0.0
DISTRITO FEDERAL,120.0,1.0,0.0
DISTRITO FEDERAL,120.0,1.0,0.0
DISTRITO FEDERAL,120.0,1.0,0.0
DISTRITO FEDERAL,120.0,1.0,0.0
DISTRITO FEDERAL,120.0,1.0,0.0
DISTRITO FEDERAL,120.0,1.0,0.0
DISTRITO FEDERAL,120.0,1.0,0.0
DISTRITO FEDERAL,120.0,1.0,0.0
DISTRITO FEDERAL,120.0,1.0,0.0
DISTRITO FEDERAL,120.0,1.0,0.0
DISTRITO FEDERAL,120.0,1.0,0.0
DISTRITO FEDERAL,120.0,1.0,0.0
DISTRITO FEDERAL,120.0,1.0,0.0
DISTRITO FEDERAL,120.0,1.0,0.0
DISTRITO FEDERAL,120.0,1.0,0.0
DISTRITO FEDERAL,120.0,1.0,0.0
DISTRITO FEDERAL,120.0,1.0,0.0
DISTRITO FEDERAL,120.0,1.0,0.0
DISTRITO FEDERAL,120.0,1.0,0.0
DISTRITO FEDERAL,120.0,1.0,0.0
DISTRITO FEDERAL,120.0,1.0,0.0
DISTRITO FEDERAL,120.0,1.0,0.0
DISTRITO FEDERAL,120.0,1.0,0.0
DISTRITO FEDERAL,120.0,1.0,0.0
DISTRITO FEDERAL,120.0,1.0,0.0
DISTRITO FEDERAL,120.0,1.0,0.0
DISTRITO FEDERAL,120.0,1.0,0.0
DISTRITO FEDERAL,120.0,1.0,0.0
DISTRITO FEDERAL,120.0,1.0,0.0
DISTRITO FEDERAL,120.0,1.0,0.0
DISTRITO FEDERAL,120.0,1.0,0.0
DISTRITO FEDERAL,119.0,1.0,0.0
DISTRITO FEDERAL,119.0,1.0,0.0
DISTRITO FEDERAL,119.0,1.0,0.0
DISTRITO FEDERAL,120.0,1.0,0.0
DISTRITO FEDERAL,120.0,1.0,0.0
DISTRITO FEDERAL,120.0,1.0,0.0
DISTRITO FEDERAL,120.0,1.0,0.0
DISTRITO FEDERAL,120.0,1.0,0.0
DISTRITO FEDERAL,120.0,1.0,0.0
DISTRITO FEDERAL,120.0,1.0,0.0
DISTRITO FEDERAL,120.0,1.0,0.0
DISTRITO FEDERAL,120.0,1.0,0.0
DISTRITO FEDERAL,119.0,1.0,0.0
DISTRITO FEDERAL,120.0,1.0,0.0
DISTRITO FEDERAL,120.0,1.0,0.0
DISTRITO FEDERAL,120.0,1.0,0.0
DISTRITO FEDERAL,120.0,1.0,0.0
DISTRITO FEDERAL,120.0,1.0,0.0
DISTRITO FEDERAL,120.0,1.0,0.0
DISTRITO FEDERAL,120.0,1.0,0.0
DISTRITO FEDERAL,120.0,1.0,0.0
DISTRITO FEDERAL,120.0,1.0,0.0
DISTRITO FEDERAL,120.0,1.0,0.0
DISTRITO FEDERAL,120.0,1.0,0.0
DISTRITO FEDERAL,120.0,1.0,0.0
DISTRITO FEDERAL,120.0,1.0,0.0
DISTRITO FEDERAL,120.0,1.0,0.0
DISTRITO FEDERAL,120.0,1.0,0.0
DISTRITO FEDERAL,120.0,1.0,0.0
DISTRITO FEDERAL,120.0,1.0,0.0
DISTRITO FEDERAL,120.0,1.0,0.0
DISTRITO FEDERAL,120.0,1.0,0.0
DISTRITO FEDERAL,120.0,1.0,0.0
DISTRITO FEDERAL,120.0,1.0,0.0
DISTRITO FEDERAL,120.0,1.0,0.0
DISTRITO FEDERAL,120.0,1.0,0.0
DISTRITO FEDERAL,120.0,1.0,0.0
DISTRITO FEDERAL,120.0,1.0,0.0
DISTRITO FEDERAL,120.0,1.0,0.0
DISTRITO FEDERAL,119.0,1.0,0.0
DISTRITO FEDERAL,119.0,1.0,0.0
DISTRITO FEDERAL,119.0,1.0,0.0
DISTRITO FEDERAL,119.0,1.0,0.0
DISTRITO FEDERAL,119.0,1.0,0.0
DISTRITO FEDERAL,119.0,1.0,0.0
DISTRITO FEDERAL,119.0,1.0,0.0
DISTRITO FEDERAL,119.0,1.0,0.0
DISTRITO FEDERAL,120.0,1.0,0.0
DISTRITO FEDERAL,120.0,1.0,0.0
DISTRITO FEDERAL,120.0,1.0,0.0
DISTRITO FEDERAL,120.0,1.0,0.0
DISTRITO FEDERAL,120.0,1.0,0.0
DISTRITO FEDERAL,120.0,1.0,0.0
DISTRITO FEDERAL,120.0,1.0,0.0
DISTRITO FEDERAL,120.0,1.0,0.0
DISTRITO FEDERAL,106.0,1.0,0.0
DISTRITO FEDERAL,120.0,1.0,0.0
DISTRITO FEDERAL,107.0,1.0,0.0
DISTRITO FEDERAL,104.0,1.0,0.0
DISTRITO FEDERAL,119.0,1.0,0.0
DISTRITO FEDERAL,119.0,1.0,0.0
DISTRITO FEDERAL,119.0,1.0,0.0
DISTRITO FEDERAL,119.0,1.0,0.0
DISTRITO FEDERAL,119.0,1.0,0.0
DISTRITO FEDERAL,119.0,1.0,0.0
DISTRITO FEDERAL,119.0,1.0,0.0
DISTRITO FEDERAL,119.0,1.0,0.0
DISTRITO FEDERAL,119.0,1.0,0.0
DISTRITO FEDERAL,120.0,1.0,0.0
DISTRITO FEDERAL,120.0,1.0,0.0
DISTRITO FEDERAL,120.0,1.0,0.0
DISTRITO FEDERAL,120.0,1.0,0.0
DISTRITO FEDERAL,120.0,1.0,0.0
DISTRITO FEDERAL,120.0,1.0,0.0
DISTRITO FEDERAL,104.0,1.0,0.0
DISTRITO FEDERAL,120.0,1.0,0.0
DISTRITO FEDERAL,119.0,1.0,0.0
DISTRITO FEDERAL,119.0,1.0,0.0
DISTRITO FEDERAL,119.0,1.0,0.0
DISTRITO FEDERAL,119.0,1.0,0.0
DISTRITO FEDERAL,119.0,1.0,0.0
DISTRITO FEDERAL,120.0,1.0,0.0
DISTRITO FEDERAL,120.0,1.0,0.0
DISTRITO FEDERAL,120.0,1.0,0.0
DISTRITO FEDERAL,120.0,1.0,0.0
DISTRITO FEDERAL,120.0,1.0,0.0
DISTRITO FEDERAL,120.0,1.0,0.0
DISTRITO FEDERAL,120.0,1.0,0.0
DISTRITO FEDERAL,120.0,1.0,0.0
DISTRITO FEDERAL,120.0,1.0,0.0
DISTRITO FEDERAL,119.0,1.0,0.0
DISTRITO FEDERAL,119.0,1.0,0.0
DISTRITO FEDERAL,119.0,1.0,0.0
DISTRITO FEDERAL,119.0,1.0,0.0
DISTRITO FEDERAL,119.0,1.0,0.0
DISTRITO FEDERAL,119.0,1.0,0.0
DISTRITO FEDERAL,119.0,1.0,0.0
DISTRITO FEDERAL,119.0,1.0,0.0
DISTRITO FEDERAL,105.0,1.0,0.0
DISTRITO FEDERAL,120.0,1.0,0.0
DISTRITO FEDERAL,120.0,1.0,0.0
DISTRITO FEDERAL,120.0,1.0,0.0
DISTRITO FEDERAL,120.0,1.0,0.0
DISTRITO FEDERAL,120.0,1.0,0.0
DISTRITO FEDERAL,120.0,1.0,0.0
DISTRITO FEDERAL,120.0,1.0,0.0
DISTRITO FEDERAL,120.0,1.0,0.0
DISTRITO FEDERAL,120.0,1.0,0.0
DISTRITO FEDERAL,120.0,1.0,0.0
DISTRITO FEDERAL,120.0,1.0,0.0
DISTRITO FEDERAL,120.0,1.0,0.0
DISTRITO FEDERAL,120.0,1.0,0.0
DISTRITO FEDERAL,120.0,1.0,0.0
DISTRITO FEDERAL,120.0,1.0,0.0
DISTRITO FEDERAL,119.0,1.0,0.0
DISTRITO FEDERAL,120.0,1.0,0.0
DISTRITO FEDERAL,117.0,1.0,0.0
DISTRITO FEDERAL,117.0,1.0,0.0
DISTRITO FEDERAL,120.0,1.0,0.0
DISTRITO FEDERAL,120.0,1.0,0.0
DISTRITO FEDERAL,120.0,1.0,0.0
DISTRITO FEDERAL,117.0,1.0,0.0
DISTRITO FEDERAL,120.0,1.0,0.0
DISTRITO FEDERAL,120.0,1.0,0.0
DISTRITO FEDERAL,120.0,1.0,0.0
DISTRITO FEDERAL,120.0,1.0,0.0
DISTRITO FEDERAL,120.0,1.0,0.0
DISTRITO FEDERAL,120.0,1.0,0.0
DISTRITO FEDERAL,120.0,1.0,0.0
DISTRITO FEDERAL,120.0,1.0,0.0
DISTRITO FEDERAL,120.0,1.0,0.0
DISTRITO FEDERAL,120.0,1.0,0.0
DISTRITO FEDERAL,120.0,1.0,0.0
DISTRITO FEDERAL,120.0,1.0,0.0
DISTRITO FEDERAL,120.0,1.0,0.0
DISTRITO FEDERAL,119.0,1.0,0.0
DISTRITO FEDERAL,120.0,1.0,0.0
DISTRITO FEDERAL,120.0,1.0,0.0
DISTRITO FEDERAL,120.0,1.0,0.0
DISTRITO FEDERAL,120.0,1.0,0.0
DISTRITO FEDERAL,120.0,1.0,0.0
DISTRITO FEDERAL,120.0,1.0,0.0
DISTRITO FEDERAL,120.0,1.0,0.0
DISTRITO FEDERAL,118.0,1.0,0.0
DISTRITO FEDERAL,76.0,1.0,0.0
DISTRITO FEDERAL,102.0,1.0,0.0
DISTRITO FEDERAL,120.0,1.0,0.0
DISTRITO FEDERAL,120.0,1.0,0.0
DISTRITO FEDERAL,120.0,1.0,0.0
DISTRITO FEDERAL,120.0,1.0,0.0
DISTRITO FEDERAL,77.0,1.0,0.0
DISTRITO FEDERAL,101.0,1.0,0.0
DISTRITO FEDERAL,102.0,1.0,0.0
DISTRITO FEDERAL,120.0,1.0,0.0
DISTRITO FEDERAL,120.0,1.0,0.0
DISTRITO FEDERAL,115.0,1.0,0.0
DISTRITO FEDERAL,120.0,1.0,0.0
DISTRITO FEDERAL,120.0,1.0,0.0
DISTRITO FEDERAL,120.0,1.0,0.0
DISTRITO FEDERAL,120.0,1.0,0.0
DISTRITO FEDERAL,120.0,1.0,0.0
DISTRITO FEDERAL,120.0,1.0,0.0
DISTRITO FEDERAL,120.0,1.0,0.0
DISTRITO FEDERAL,120.0,1.0,0.0
DISTRITO FEDERAL,120.0,1.0,0.0
DISTRITO FEDERAL,120.0,1.0,0.0
DISTRITO FEDERAL,116.0,1.0,0.0
DISTRITO FEDERAL,120.0,1.0,0.0
DISTRITO FEDERAL,120.0,1.0,0.0
DISTRITO FEDERAL,120.0,1.0,0.0
DISTRITO FEDERAL,120.0,1.0,0.0
DISTRITO FEDERAL,120.0,1.0,0.0
DISTRITO FEDERAL,120.0,1.0,0.0
DISTRITO FEDERAL,120.0,1.0,0.0
DISTRITO FEDERAL,120.0,1.0,0.0
DISTRITO FEDERAL,120.0,1.0,0.0
DISTRITO FEDERAL,120.0,1.0,0.0
DISTRITO FEDERAL,120.0,1.0,0.0
DISTRITO FEDERAL,115.0,1.0,0.0
DISTRITO FEDERAL,120.0,1.0,0.0
DISTRITO FEDERAL,120.0,1.0,0.0
DISTRITO FEDERAL,120.0,1.0,0.0
DISTRITO FEDERAL,120.0,1.0,0.0
DISTRITO FEDERAL,120.0,1.0,0.0
DISTRITO FEDERAL,120.0,1.0,0.0
DISTRITO FEDERAL,120.0,1.0,0.0
DISTRITO FEDERAL,120.0,1.0,0.0
DISTRITO FEDERAL,73.0,1.0,0.0
DISTRITO FEDERAL,115.0,1.0,0.0
DISTRITO FEDERAL,116.0,1.0,0.0
DISTRITO FEDERAL,120.0,1.0,0.0
DISTRITO FEDERAL,120.0,1.0,0.0
DISTRITO FEDERAL,120.0,1.0,0.0
DISTRITO FEDERAL,120.0,1.0,0.0
DISTRITO FEDERAL,120.0,1.0,0.0
DISTRITO FEDERAL,114.0,1.0,0.0
DISTRITO FEDERAL,120.0,1.0,0.0
DISTRITO FEDERAL,120.0,1.0,0.0
DISTRITO FEDERAL,120.0,1.0,0.0
DISTRITO FEDERAL,120.0,1.0,0.0
DISTRITO FEDERAL,120.0,1.0,0.0
DISTRITO FEDERAL,120.0,1.0,0.0
DISTRITO FEDERAL,120.0,1.0,0.0
DISTRITO FEDERAL,120.0,1.0,0.0
DISTRITO FEDERAL,120.0,1.0,0.0
DISTRITO FEDERAL,120.0,1.0,0.0
DISTRITO FEDERAL,65.0,1.0,0.0
DISTRITO FEDERAL,118.0,1.0,0.0
DISTRITO FEDERAL,120.0,1.0,0.0
DISTRITO FEDERAL,120.0,1.0,0.0
DISTRITO FEDERAL,120.0,1.0,0.0
DISTRITO FEDERAL,120.0,1.0,0.0
DISTRITO FEDERAL,120.0,1.0,0.0
DISTRITO FEDERAL,120.0,1.0,0.0
DISTRITO FEDERAL,120.0,1.0,0.0
DISTRITO FEDERAL,120.0,1.0,0.0
DISTRITO FEDERAL,118.0,1.0,0.0
DISTRITO FEDERAL,120.0,1.0,0.0
DISTRITO FEDERAL,120.0,1.0,0.0
DISTRITO FEDERAL,120.0,1.0,0.0
DISTRITO FEDERAL,120.0,1.0,0.0
DISTRITO FEDERAL,120.0,1.0,0.0
DISTRITO FEDERAL,120.0,1.0,0.0
DISTRITO FEDERAL,120.0,1.0,0.0
DISTRITO FEDERAL,120.0,1.0,0.0
DISTRITO FEDERAL,120.0,1.0,0.0
DISTRITO FEDERAL,120.0,1.0,0.0
DISTRITO FEDERAL,120.0,1.0,0.0
DISTRITO FEDERAL,120.0,1.0,0.0
DISTRITO FEDERAL,120.0,1.0,0.0
DISTRITO FEDERAL,119.0,1.0,0.0
DISTRITO FEDERAL,120.0,1.0,0.0
DISTRITO FEDERAL,120.0,1.0,0.0
DISTRITO FEDERAL,120.0,1.0,0.0
DISTRITO FEDERAL,120.0,1.0,0.0
DISTRITO FEDERAL,119.0,1.0,0.0
DISTRITO FEDERAL,120.0,1.0,0.0
DISTRITO FEDERAL,120.0,1.0,0.0
DISTRITO FEDERAL,120.0,1.0,0.0
DISTRITO FEDERAL,120.0,1.0,0.0
DISTRITO FEDERAL,120.0,1.0,0.0
DISTRITO FEDERAL,120.0,1.0,0.0
DISTRITO FEDERAL,120.0,1.0,0.0
DISTRITO FEDERAL,120.0,1.0,0.0
DISTRITO FEDERAL,120.0,1.0,0.0
DISTRITO FEDERAL,119.0,1.0,0.0
DISTRITO FEDERAL,120.0,1.0,0.0
DISTRITO FEDERAL,120.0,1.0,0.0
DISTRITO FEDERAL,120.0,1.0,0.0
DISTRITO FEDERAL,114.0,1.0,0.0
DISTRITO FEDERAL,120.0,1.0,0.0
DISTRITO FEDERAL,120.0,1.0,0.0
DISTRITO FEDERAL,120.0,1.0,0.0
DISTRITO FEDERAL,120.0,1.0,0.0
DISTRITO FEDERAL,120.0,1.0,0.0
DISTRITO FEDERAL,120.0,1.0,0.0
DISTRITO FEDERAL,120.0,1.0,0.0
DISTRITO FEDERAL,117.0,1.0,0.0
DISTRITO FEDERAL,120.0,1.0,0.0
DISTRITO FEDERAL,120.0,1.0,0.0
DISTRITO FEDERAL,120.0,1.0,0.0
DISTRITO FEDERAL,120.0,1.0,0.0
DISTRITO FEDERAL,119.0,1.0,0.0
DISTRITO FEDERAL,119.0,1.0,0.0
DISTRITO FEDERAL,118.0,1.0,0.0
DISTRITO FEDERAL,120.0,1.0,0.0
DISTRITO FEDERAL,120.0,1.0,0.0
DISTRITO FEDERAL,120.0,1.0,0.0
DISTRITO FEDERAL,120.0,1.0,0.0
DISTRITO FEDERAL,120.0,1.0,0.0
DISTRITO FEDERAL,117.0,1.0,0.0
DISTRITO FEDERAL,118.0,1.0,0.0
DISTRITO FEDERAL,118.0,1.0,0.0
DISTRITO FEDERAL,119.0,1.0,0.0
DISTRITO FEDERAL,120.0,1.0,0.0
DISTRITO FEDERAL,120.0,1.0,0.0
DISTRITO FEDERAL,120.0,1.0,0.0
DISTRITO FEDERAL,120.0,1.0,0.0
DISTRITO FEDERAL,120.0,1.0,0.0
DISTRITO FEDERAL,120.0,1.0,0.0
DISTRITO FEDERAL,120.0,1.0,0.0
DISTRITO FEDERAL,120.0,1.0,0.0
DISTRITO FEDERAL,120.0,1.0,0.0
DISTRITO FEDERAL,120.0,1.0,0.0
DISTRITO FEDERAL,120.0,1.0,0.0
DISTRITO FEDERAL,120.0,1.0,0.0
DISTRITO FEDERAL,120.0,1.0,0.0
DISTRITO FEDERAL,120.0,1.0,0.0
DISTRITO FEDERAL,120.0,1.0,0.0
DISTRITO FEDERAL,120.0,1.0,0.0
DISTRITO FEDERAL,120.0,1.0,0.0
DISTRITO FEDERAL,120.0,1.0,0.0
DISTRITO FEDERAL,120.0,1.0,0.0
DISTRITO FEDERAL,120.0,1.0,0.0
DISTRITO FEDERAL,120.0,1.0,0.0
DISTRITO FEDERAL,120.0,1.0,0.0
DISTRITO FEDERAL,119.0,1.0,0.0
DISTRITO FEDERAL,120.0,1.0,0.0
DISTRITO FEDERAL,120.0,1.0,0.0
DISTRITO FEDERAL,120.0,1.0,0.0
DISTRITO FEDERAL,120.0,1.0,0.0
DISTRITO FEDERAL,120.0,1.0,0.0
DISTRITO FEDERAL,120.0,1.0,0.0
DISTRITO FEDERAL,120.0,1.0,0.0
DISTRITO FEDERAL,120.0,1.0,0.0
DISTRITO FEDERAL,120.0,1.0,0.0
DISTRITO FEDERAL,120.0,1.0,0.0
DISTRITO FEDERAL,120.0,1.0,0.0
DISTRITO FEDERAL,120.0,1.0,0.0
DISTRITO FEDERAL,120.0,1.0,0.0
DISTRITO FEDERAL,120.0,1.0,0.0
DISTRITO FEDERAL,120.0,1.0,0.0
DISTRITO FEDERAL,120.0,1.0,0.0
DISTRITO FEDERAL,119.0,1.0,0.0
DISTRITO FEDERAL,120.0,1.0,0.0
DISTRITO FEDERAL,120.0,1.0,0.0
DISTRITO FEDERAL,120.0,1.0,0.0
DISTRITO FEDERAL,120.0,1.0,0.0
DISTRITO FEDERAL,120.0,1.0,0.0
DISTRITO FEDERAL,120.0,1.0,0.0
DISTRITO FEDERAL,120.0,1.0,0.0
DISTRITO FEDERAL,119.0,1.0,0.0
DISTRITO FEDERAL,120.0,1.0,0.0
DISTRITO FEDERAL,120.0,1.0,0.0
DISTRITO FEDERAL,120.0,1.0,0.0
DISTRITO FEDERAL,120.0,1.0,0.0
DISTRITO FEDERAL,120.0,1.0,0.0
DISTRITO FEDERAL,120.0,1.0,0.0
DISTRITO FEDERAL,120.0,1.0,0.0
DISTRITO FEDERAL,120.0,1.0,0.0
DISTRITO FEDERAL,120.0,1.0,0.0
DISTRITO FEDERAL,120.0,1.0,0.0
DISTRITO FEDERAL,120.0,1.0,0.0
DISTRITO FEDERAL,120.0,1.0,0.0
DISTRITO FEDERAL,120.0,1.0,0.0
DISTRITO FEDERAL,120.0,1.0,0.0
DISTRITO FEDERAL,120.0,1.0,0.0
DISTRITO FEDERAL,120.0,1.0,0.0
DISTRITO FEDERAL,120.0,1.0,0.0
DISTRITO FEDERAL,120.0,1.0,0.0
DISTRITO FEDERAL,120.0,1.0,0.0
DISTRITO FEDERAL,120.0,1.0,0.0
DISTRITO FEDERAL,120.0,1.0,0.0
DISTRITO FEDERAL,119.0,1.0,0.0
DISTRITO FEDERAL,120.0,1.0,0.0
DISTRITO FEDERAL,120.0,1.0,0.0
DISTRITO FEDERAL,120.0,1.0,0.0
DISTRITO FEDERAL,120.0,1.0,0.0
DISTRITO FEDERAL,120.0,1.0,0.0
DISTRITO FEDERAL,120.0,1.0,0.0
DISTRITO FEDERAL,120.0,1.0,0.0
DISTRITO FEDERAL,120.0,1.0,0.0
DISTRITO FEDERAL,120.0,1.0,0.0
DISTRITO FEDERAL,120.0,1.0,0.0
DISTRITO FEDERAL,120.0,1.0,0.0
DISTRITO FEDERAL,120.0,1.0,0.0
DISTRITO FEDERAL,120.0,1.0,0.0
DISTRITO FEDERAL,120.0,1.0,0.0
DISTRITO FEDERAL,120.0,1.0,0.0
DISTRITO FEDERAL,120.0,1.0,0.0
DISTRITO FEDERAL,120.0,1.0,0.0
DISTRITO FEDERAL,120.0,1.0,0.0
DISTRITO FEDERAL,120.0,1.0,0.0
DISTRITO FEDERAL,120.0,1.0,0.0
DISTRITO FEDERAL,120.0,1.0,0.0
DISTRITO FEDERAL,120.0,1.0,0.0
DISTRITO FEDERAL,120.0,1.0,0.0
DISTRITO FEDERAL,120.0,1.0,0.0
DISTRITO FEDERAL,120.0,1.0,0.0
DISTRITO FEDERAL,119.0,1.0,0.0
DISTRITO FEDERAL,120.0,1.0,0.0
DISTRITO FEDERAL,119.0,1.0,0.0
DISTRITO FEDERAL,120.0,1.0,0.0
DISTRITO FEDERAL,120.0,1.0,0.0
DISTRITO FEDERAL,120.0,1.0,0.0
DISTRITO FEDERAL,120.0,1.0,0.0
DISTRITO FEDERAL,120.0,1.0,0.0
DISTRITO FEDERAL,120.0,1.0,0.0
DISTRITO FEDERAL,120.0,1.0,0.0
DISTRITO FEDERAL,119.0,1.0,0.0
DISTRITO FEDERAL,118.0,1.0,0.0
DISTRITO FEDERAL,120.0,1.0,0.0
DISTRITO FEDERAL,120.0,1.0,0.0
DISTRITO FEDERAL,120.0,1.0,0.0
DISTRITO FEDERAL,120.0,1.0,0.0
DISTRITO FEDERAL,120.0,1.0,0.0
DISTRITO FEDERAL,120.0,1.0,0.0
DISTRITO FEDERAL,120.0,1.0,0.0
DISTRITO FEDERAL,120.0,1.0,0.0
DISTRITO FEDERAL,119.0,1.0,0.0
DISTRITO FEDERAL,120.0,1.0,0.0
DISTRITO FEDERAL,120.0,1.0,0.0
DISTRITO FEDERAL,120.0,1.0,0.0
DISTRITO FEDERAL,119.0,1.0,0.0
DISTRITO FEDERAL,120.0,1.0,0.0
DISTRITO FEDERAL,119.0,1.0,0.0
DISTRITO FEDERAL,120.0,1.0,0.0
DISTRITO FEDERAL,119.0,1.0,0.0
DISTRITO FEDERAL,119.0,1.0,0.0
DISTRITO FEDERAL,119.0,1.0,0.0
DISTRITO FEDERAL,120.0,1.0,0.0
DISTRITO FEDERAL,120.0,1.0,0.0
DISTRITO FEDERAL,120.0,1.0,0.0
DISTRITO FEDERAL,120.0,1.0,0.0
DISTRITO FEDERAL,120.0,1.0,0.0
DISTRITO FEDERAL,120.0,1.0,0.0
DISTRITO FEDERAL,120.0,1.0,0.0
DISTRITO FEDERAL,120.0,1.0,0.0
DISTRITO FEDERAL,120.0,1.0,0.0
DISTRITO FEDERAL,120.0,1.0,0.0
DISTRITO FEDERAL,119.0,1.0,0.0
DISTRITO FEDERAL,120.0,1.0,0.0
DISTRITO FEDERAL,120.0,1.0,0.0
DISTRITO FEDERAL,120.0,1.0,0.0
DISTRITO FEDERAL,119.0,1.0,0.0
DISTRITO FEDERAL,120.0,1.0,0.0
DISTRITO FEDERAL,119.0,1.0,0.0
DISTRITO FEDERAL,119.0,1.0,0.0
DISTRITO FEDERAL,120.0,1.0,0.0
DISTRITO FEDERAL,120.0,1.0,0.0
DISTRITO FEDERAL,119.0,1.0,0.0
DISTRITO FEDERAL,119.0,1.0,0.0
DISTRITO FEDERAL,120.0,1.0,0.0
DISTRITO FEDERAL,120.0,1.0,0.0
DISTRITO FEDERAL,119.0,1.0,0.0
DISTRITO FEDERAL,120.0,1.0,0.0
DISTRITO FEDERAL,119.0,1.0,0.0
DISTRITO FEDERAL,119.0,1.0,0.0
DISTRITO FEDERAL,120.0,1.0,0.0
DISTRITO FEDERAL,120.0,1.0,0.0
DISTRITO FEDERAL,119.0,1.0,0.0
DISTRITO FEDERAL,120.0,1.0,0.0
DISTRITO FEDERAL,120.0,1.0,0.0
DISTRITO FEDERAL,119.0,1.0,0.0
DISTRITO FEDERAL,119.0,1.0,0.0
DISTRITO FEDERAL,119.0,1.0,0.0
DISTRITO FEDERAL,120.0,1.0,0.0
DISTRITO FEDERAL,119.0,1.0,0.0
DISTRITO FEDERAL,119.0,1.0,0.0
DISTRITO FEDERAL,119.0,1.0,0.0
DISTRITO FEDERAL,120.0,1.0,0.0
DISTRITO FEDERAL,120.0,1.0,0.0
DISTRITO FEDERAL,119.0,1.0,0.0
DISTRITO FEDERAL,120.0,1.0,0.0
DISTRITO FEDERAL,120.0,1.0,0.0
DISTRITO FEDERAL,120.0,1.0,0.0
DISTRITO FEDERAL,120.0,1.0,0.0
DISTRITO FEDERAL,119.0,1.0,0.0
DISTRITO FEDERAL,120.0,1.0,0.0
DISTRITO FEDERAL,119.0,1.0,0.0
DISTRITO FEDERAL,119.0,1.0,0.0
DISTRITO FEDERAL,120.0,1.0,0.0
DISTRITO FEDERAL,119.0,1.0,0.0
DISTRITO FEDERAL,120.0,1.0,0.0
DISTRITO FEDERAL,120.0,1.0,0.0
DISTRITO FEDERAL,119.0,1.0,0.0
DISTRITO FEDERAL,119.0,1.0,0.0
DISTRITO FEDERAL,120.0,1.0,0.0
DISTRITO FEDERAL,120.0,1.0,0.0
DISTRITO FEDERAL,119.0,1.0,0.0
DISTRITO FEDERAL,119.0,1.0,0.0
DISTRITO FEDERAL,119.0,1.0,0.0
DISTRITO FEDERAL,120.0,1.0,0.0
DISTRITO FEDERAL,119.0,1.0,0.0
DISTRITO FEDERAL,119.0,1.0,0.0
DISTRITO FEDERAL,119.0,1.0,0.0
DISTRITO FEDERAL,119.0,1.0,0.0
DISTRITO FEDERAL,119.0,1.0,0.0
DISTRITO FEDERAL,119.0,1.0,0.0
DISTRITO FEDERAL,119.0,1.0,0.0
DISTRITO FEDERAL,119.0,1.0,0.0
DISTRITO FEDERAL,119.0,1.0,0.0
DISTRITO FEDERAL,119.0,1.0,0.0
DISTRITO FEDERAL,119.0,1.0,0.0
DISTRITO FEDERAL,119.0,1.0,0.0
DISTRITO FEDERAL,119.0,1.0,0.0
DISTRITO FEDERAL,119.0,1.0,0.0
DISTRITO FEDERAL,119.0,1.0,0.0
DISTRITO FEDERAL,119.0,1.0,0.0
DISTRITO FEDERAL,119.0,1.0,0.0
DISTRITO FEDERAL,119.0,1.0,0.0
DISTRITO FEDERAL,119.0,1.0,0.0
DISTRITO FEDERAL,119.0,1.0,0.0
DISTRITO FEDERAL,119.0,1.0,0.0
DISTRITO FEDERAL,119.0,1.0,0.0
DISTRITO FEDERAL,119.0,1.0,0.0
DISTRITO FEDERAL,119.0,1.0,0.0
DISTRITO FEDERAL,119.0,1.0,0.0
DISTRITO FEDERAL,119.0,1.0,0.0
DISTRITO FEDERAL,119.0,1.0,0.0
DISTRITO FEDERAL,119.0,1.0,0.0
DISTRITO FEDERAL,119.0,1.0,0.0
DISTRITO FEDERAL,119.0,1.0,0.0
DISTRITO FEDERAL,119.0,1.0,0.0
DISTRITO FEDERAL,119.0,1.0,0.0
DISTRITO FEDERAL,119.0,1.0,0.0
DISTRITO FEDERAL,119.0,1.0,0.0
DISTRITO FEDERAL,119.0,1.0,0.0
DISTRITO FEDERAL,119.0,1.0,0.0
DISTRITO FEDERAL,119.0,1.0,0.0
DISTRITO FEDERAL,119.0,1.0,0.0
DISTRITO FEDERAL,119.0,1.0,0.0
DISTRITO FEDERAL,119.0,1.0,0.0
DISTRITO FEDERAL,119.0,1.0,0.0
DISTRITO FEDERAL,119.0,1.0,0.0
DISTRITO FEDERAL,119.0,1.0,0.0
DISTRITO FEDERAL,119.0,1.0,0.0
DISTRITO FEDERAL,119.0,1.0,0.0
DISTRITO FEDERAL,119.0,1.0,0.0
DISTRITO FEDERAL,99.0,1.0,0.0
DISTRITO FEDERAL,93.0,1.0,0.0
DISTRITO FEDERAL,91.0,1.0,0.0
DISTRITO FEDERAL,97.0,1.0,0.0
DISTRITO FEDERAL,120.0,1.0,0.05
DISTRITO FEDERAL,120.0,1.0,0.1
DISTRITO FEDERAL,120.0,1.0,0.0
DISTRITO FEDERAL,120.0,1.0,0.0
DISTRITO FEDERAL,120.0,1.0,0.0
DISTRITO FEDERAL,120.0,1.0,0.0
DISTRITO FEDERAL,120.0,1.0,0.0
DISTRITO FEDERAL,93.0,1.0,0.0
DISTRITO FEDERAL,89.0,1.0,0.0
DISTRITO FEDERAL,96.0,1.0,0.0
DISTRITO FEDERAL,93.0,1.0,0.0
DISTRITO FEDERAL,120.0,1.0,0.03
DISTRITO FEDERAL,120.0,1.0,0.0
DISTRITO FEDERAL,120.0,1.0,0.0
DISTRITO FEDERAL,120.0,1.0,0.0
DISTRITO FEDERAL,120.0,1.0,0.0
DISTRITO FEDERAL,120.0,1.0,0.0
DISTRITO FEDERAL,120.0,1.0,0.0
DISTRITO FEDERAL,120.0,1.0,0.0
DISTRITO FEDERAL,120.0,1.0,0.0
DISTRITO FEDERAL,120.0,1.0,0.0
DISTRITO FEDERAL,120.0,1.0,0.0
DISTRITO FEDERAL,120.0,1.0,0.0
DISTRITO FEDERAL,117.0,1.0,0.0
DISTRITO FEDERAL,120.0,1.0,0.0
DISTRITO FEDERAL,120.0,1.0,0.0
DISTRITO FEDERAL,120.0,1.0,0.0
DISTRITO FEDERAL,120.0,1.0,0.0
DISTRITO FEDERAL,120.0,1.0,0.0
DISTRITO FEDERAL,120.0,1.0,0.0
DISTRITO FEDERAL,120.0,1.0,0.13
DISTRITO FEDERAL,120.0,1.0,0.1
DISTRITO FEDERAL,120.0,1.0,0.03
DISTRITO FEDERAL,120.0,1.0,0.0
DISTRITO FEDERAL,120.0,1.0,0.0
DISTRITO FEDERAL,120.0,1.0,0.0
DISTRITO FEDERAL,120.0,1.0,0.0
DISTRITO FEDERAL,120.0,1.0,0.0
DISTRITO FEDERAL,120.0,1.0,0.0
DISTRITO FEDERAL,120.0,1.0,0.0
DISTRITO FEDERAL,120.0,1.0,0.0
DISTRITO FEDERAL,120.0,1.0,0.0
DISTRITO FEDERAL,120.0,1.0,0.0
DISTRITO FEDERAL,120.0,1.0,0.0
DISTRITO FEDERAL,120.0,1.0,0.0
DISTRITO FEDERAL,120.0,1.0,0.01
DISTRITO FEDERAL,120.0,1.0,0.01
DISTRITO FEDERAL,120.0,1.0,0.01
DISTRITO FEDERAL,120.0,1.0,0.0
DISTRITO FEDERAL,120.0,1.0,0.0
DISTRITO FEDERAL,120.0,1.0,0.0
DISTRITO FEDERAL,120.0,1.0,0.05
DISTRITO FEDERAL,120.0,1.0,0.02
DISTRITO FEDERAL,120.0,1.0,0.0
DISTRITO FEDERAL,120.0,1.0,0.0
DISTRITO FEDERAL,96.0,1.0,0.0
DISTRITO FEDERAL,96.0,1.0,0.0
DISTRITO FEDERAL,96.0,1.0,0.0
DISTRITO FEDERAL,96.0,1.0,0.0
DISTRITO FEDERAL,97.0,1.0,0.0
DISTRITO FEDERAL,97.0,1.0,0.0
DISTRITO FEDERAL,92.0,1.0,0.0
DISTRITO FEDERAL,92.0,1.0,0.0
DISTRITO FEDERAL,93.0,1.0,0.0
DISTRITO FEDERAL,93.0,1.0,0.0
DISTRITO FEDERAL,88.0,1.0,0.0
DISTRITO FEDERAL,88.0,1.0,0.0
DISTRITO FEDERAL,89.0,1.0,0.0
DISTRITO FEDERAL,89.0,1.0,0.0
DISTRITO FEDERAL,120.0,1.0,0.0
DISTRITO FEDERAL,120.0,1.0,0.0
DISTRITO FEDERAL,120.0,1.0,0.0
DISTRITO FEDERAL,120.0,1.0,0.0
DISTRITO FEDERAL,120.0,1.0,0.0
DISTRITO FEDERAL,120.0,1.0,0.0
DISTRITO FEDERAL,120.0,1.0,0.0
DISTRITO FEDERAL,120.0,1.0,0.0
DISTRITO FEDERAL,120.0,1.0,0.0
DISTRITO FEDERAL,120.0,1.0,0.0
DISTRITO FEDERAL,120.0,1.0,0.0
DISTRITO FEDERAL,120.0,1.0,0.0
DISTRITO FEDERAL,120.0,1.0,0.06
DISTRITO FEDERAL,120.0,1.0,0.06
DISTRITO FEDERAL,120.0,1.0,0.05
DISTRITO FEDERAL,120.0,1.0,0.01
DISTRITO FEDERAL,120.0,1.0,0.0
DISTRITO FEDERAL,120.0,1.0,0.0
DISTRITO FEDERAL,120.0,1.0,0.0
DISTRITO FEDERAL,119.0,1.0,0.0
DISTRITO FEDERAL,120.0,1.0,0.0
DISTRITO FEDERAL,120.0,1.0,0.0
DISTRITO FEDERAL,97.0,1.0,0.0
DISTRITO FEDERAL,88.0,1.0,0.0
DISTRITO FEDERAL,120.0,1.0,0.0
DISTRITO FEDERAL,120.0,1.0,0.0
DISTRITO FEDERAL,120.0,1.0,0.0
DISTRITO FEDERAL,120.0,1.0,0.0
DISTRITO FEDERAL,119.0,1.0,0.0
DISTRITO FEDERAL,120.0,1.0,0.0
DISTRITO FEDERAL,120.0,1.0,0.0
DISTRITO FEDERAL,120.0,1.0,0.0
DISTRITO FEDERAL,120.0,1.0,0.0
DISTRITO FEDERAL,120.0,1.0,0.0
DISTRITO FEDERAL,96.0,1.0,0.0
DISTRITO FEDERAL,120.0,1.0,0.0
DISTRITO FEDERAL,120.0,1.0,0.0
DISTRITO FEDERAL,120.0,1.0,0.0
DISTRITO FEDERAL,120.0,1.0,0.0
DISTRITO FEDERAL,120.0,1.0,0.0
DISTRITO FEDERAL,120.0,1.0,0.0
DISTRITO FEDERAL,120.0,1.0,0.0
DISTRITO FEDERAL,120.0,1.0,0.0
DISTRITO FEDERAL,120.0,1.0,0.0
DISTRITO FEDERAL,120.0,1.0,0.0
DISTRITO FEDERAL,120.0,1.0,0.0
DISTRITO FEDERAL,120.0,1.0,0.0
DISTRITO FEDERAL,100.0,1.0,0.0
DISTRITO FEDERAL,94.0,1.0,0.0
DISTRITO FEDERAL,120.0,1.0,0.0
DISTRITO FEDERAL,120.0,1.0,0.0
DISTRITO FEDERAL,120.0,1.0,0.0
DISTRITO FEDERAL,120.0,1.0,0.0
DISTRITO FEDERAL,119.0,1.0,0.0
DISTRITO FEDERAL,103.0,1.0,0.0
DISTRITO FEDERAL,102.0,1.0,0.0
DISTRITO FEDERAL,104.0,1.0,0.0
DISTRITO FEDERAL,103.0,1.0,0.0
DISTRITO FEDERAL,105.0,1.0,0.0
DISTRITO FEDERAL,120.0,1.0,0.0
DISTRITO FEDERAL,120.0,1.0,0.0
DISTRITO FEDERAL,120.0,1.0,0.0
DISTRITO FEDERAL,120.0,1.0,0.0
DISTRITO FEDERAL,120.0,1.0,0.0
DISTRITO FEDERAL,120.0,1.0,0.0
DISTRITO FEDERAL,120.0,1.0,0.0
DISTRITO FEDERAL,120.0,1.0,0.0
DISTRITO FEDERAL,120.0,1.0,0.0
DISTRITO FEDERAL,120.0,1.0,0.0
DISTRITO FEDERAL,120.0,1.0,0.0
DISTRITO FEDERAL,120.0,1.0,0.0
DISTRITO FEDERAL,120.0,1.0,0.0
DISTRITO FEDERAL,96.0,1.0,0.0
DISTRITO FEDERAL,99.0,1.0,0.0
DISTRITO FEDERAL,102.0,1.0,0.0
DISTRITO FEDERAL,101.0,1.0,0.0
DISTRITO FEDERAL,103.0,1.0,0.0
DISTRITO FEDERAL,102.0,1.0,0.0
DISTRITO FEDERAL,102.0,1.0,0.0
DISTRITO FEDERAL,120.0,1.0,0.0
DISTRITO FEDERAL,120.0,1.0,0.0
DISTRITO FEDERAL,120.0,1.0,0.0
DISTRITO FEDERAL,120.0,1.0,0.0
DISTRITO FEDERAL,120.0,1.0,0.0
DISTRITO FEDERAL,120.0,1.0,0.0
DISTRITO FEDERAL,120.0,1.0,0.0
DISTRITO FEDERAL,120.0,1.0,0.0
DISTRITO FEDERAL,120.0,1.0,0.0
DISTRITO FEDERAL,120.0,1.0,0.0
DISTRITO FEDERAL,118.0,1.0,0.0
DISTRITO FEDERAL,117.0,1.0,0.0
DISTRITO FEDERAL,118.0,1.0,0.0
DISTRITO FEDERAL,118.0,1.0,0.0
DISTRITO FEDERAL,117.0,1.0,0.0
DISTRITO FEDERAL,120.0,1.0,0.0
DISTRITO FEDERAL,120.0,1.0,0.0
DISTRITO FEDERAL,120.0,1.0,0.0
DISTRITO FEDERAL,120.0,1.0,0.0
DISTRITO FEDERAL,102.0,1.0,0.0
DISTRITO FEDERAL,102.0,1.0,0.0
DISTRITO FEDERAL,105.0,1.0,0.0
DISTRITO FEDERAL,120.0,1.0,0.0
DISTRITO FEDERAL,104.0,1.0,0.0
DISTRITO FEDERAL,104.0,1.0,0.0
DISTRITO FEDERAL,96.0,1.0,0.0
DISTRITO FEDERAL,120.0,1.0,0.0
DISTRITO FEDERAL,120.0,1.0,0.0
DISTRITO FEDERAL,120.0,1.0,0.0
DISTRITO FEDERAL,120.0,1.0,0.0
DISTRITO FEDERAL,117.0,1.0,0.0
DISTRITO FEDERAL,120.0,1.0,0.0
DISTRITO FEDERAL,120.0,1.0,0.0
DISTRITO FEDERAL,120.0,1.0,0.0
DISTRITO FEDERAL,120.0,1.0,0.0
DISTRITO FEDERAL,120.0,1.0,0.0
DISTRITO FEDERAL,117.0,1.0,0.0
DISTRITO FEDERAL,120.0,1.0,0.0
DISTRITO FEDERAL,102.0,1.0,0.0
DISTRITO FEDERAL,103.0,1.0,0.0
DISTRITO FEDERAL,103.0,1.0,0.0
DISTRITO FEDERAL,105.0,1.0,0.0
DISTRITO FEDERAL,120.0,1.0,0.0
DISTRITO FEDERAL,120.0,1.0,0.0
DISTRITO FEDERAL,120.0,1.0,0.0
DISTRITO FEDERAL,120.0,1.0,0.0
DISTRITO FEDERAL,120.0,1.0,0.0
DISTRITO FEDERAL,120.0,1.0,0.0
DISTRITO FEDERAL,119.0,1.0,0.0
DISTRITO FEDERAL,119.0,1.0,0.0
DISTRITO FEDERAL,120.0,1.0,0.0
DISTRITO FEDERAL,119.0,1.0,0.0
DISTRITO FEDERAL,119.0,1.0,0.0
DISTRITO FEDERAL,120.0,1.0,0.0
DISTRITO FEDERAL,120.0,1.0,0.0
DISTRITO FEDERAL,120.0,1.0,0.0
DISTRITO FEDERAL,120.0,1.0,0.0
DISTRITO FEDERAL,120.0,1.0,0.0
DISTRITO FEDERAL,120.0,1.0,0.0
DISTRITO FEDERAL,120.0,1.0,0.0
DISTRITO FEDERAL,120.0,1.0,0.0
DISTRITO FEDERAL,120.0,1.0,0.0
DISTRITO FEDERAL,120.0,1.0,0.0
DISTRITO FEDERAL,120.0,1.0,0.0
DISTRITO FEDERAL,120.0,1.0,0.0
DISTRITO FEDERAL,120.0,1.0,0.0
DISTRITO FEDERAL,120.0,1.0,0.0
DISTRITO FEDERAL,120.0,1.0,0.0
DISTRITO FEDERAL,120.0,1.0,0.0
DISTRITO FEDERAL,117.0,1.0,0.0
DISTRITO FEDERAL,118.0,1.0,0.0
DISTRITO FEDERAL,120.0,1.0,0.0
DISTRITO FEDERAL,120.0,1.0,0.0
DISTRITO FEDERAL,120.0,1.0,0.0
DISTRITO FEDERAL,120.0,1.0,0.0
DISTRITO FEDERAL,117.0,1.0,0.0
DISTRITO FEDERAL,120.0,1.0,0.0
DISTRITO FEDERAL,120.0,1.0,0.0
DISTRITO FEDERAL,120.0,1.0,0.0
DISTRITO FEDERAL,120.0,1.0,0.0
DISTRITO FEDERAL,120.0,1.0,0.0
DISTRITO FEDERAL,120.0,1.0,0.0
DISTRITO FEDERAL,119.0,1.0,0.0
DISTRITO FEDERAL,120.0,1.0,0.0
DISTRITO FEDERAL,120.0,1.0,0.0
DISTRITO FEDERAL,120.0,1.0,0.0
DISTRITO FEDERAL,120.0,1.0,0.0
DISTRITO FEDERAL,120.0,1.0,0.0
DISTRITO FEDERAL,120.0,1.0,0.0
DISTRITO FEDERAL,120.0,1.0,0.0
DISTRITO FEDERAL,97.0,1.0,0.0
DISTRITO FEDERAL,119.0,1.0,0.0
DISTRITO FEDERAL,120.0,1.0,0.0
DISTRITO FEDERAL,120.0,1.0,0.0
DISTRITO FEDERAL,120.0,1.0,0.0
DISTRITO FEDERAL,120.0,1.0,0.0
DISTRITO FEDERAL,120.0,1.0,0.0
DISTRITO FEDERAL,120.0,1.0,0.0
DISTRITO FEDERAL,120.0,1.0,0.0
DISTRITO FEDERAL,120.0,1.0,0.0
DISTRITO FEDERAL,120.0,1.0,0.0
DISTRITO FEDERAL,120.0,1.0,0.0
DISTRITO FEDERAL,120.0,1.0,0.0
DISTRITO FEDERAL,120.0,1.0,0.0
DISTRITO FEDERAL,120.0,1.0,0.0
DISTRITO FEDERAL,120.0,1.0,0.0
DISTRITO FEDERAL,120.0,1.0,0.0
DISTRITO FEDERAL,120.0,1.0,0.0
DISTRITO FEDERAL,120.0,1.0,0.0
DISTRITO FEDERAL,120.0,1.0,0.0
DISTRITO FEDERAL,120.0,1.0,0.0
DISTRITO FEDERAL,120.0,1.0,0.0
DISTRITO FEDERAL,120.0,1.0,0.0
DISTRITO FEDERAL,120.0,1.0,0.0
DISTRITO FEDERAL,120.0,1.0,0.0
DISTRITO FEDERAL,120.0,1.0,0.0
DISTRITO FEDERAL,120.0,1.0,0.0
DISTRITO FEDERAL,120.0,1.0,0.0
DISTRITO FEDERAL,120.0,1.0,0.0
DISTRITO FEDERAL,120.0,1.0,0.0
DISTRITO FEDERAL,101.0,1.0,0.0
DISTRITO FEDERAL,120.0,1.0,0.0
DISTRITO FEDERAL,120.0,1.0,0.0
DISTRITO FEDERAL,120.0,1.0,0.0
DISTRITO FEDERAL,120.0,1.0,0.0
DISTRITO FEDERAL,120.0,1.0,0.0
DISTRITO FEDERAL,120.0,1.0,0.0
DISTRITO FEDERAL,120.0,1.0,0.0
DISTRITO FEDERAL,101.0,1.0,0.0
DISTRITO FEDERAL,101.0,1.0,0.0
DISTRITO FEDERAL,120.0,1.0,0.0
DISTRITO FEDERAL,120.0,1.0,0.0
DISTRITO FEDERAL,120.0,1.0,0.0
DISTRITO FEDERAL,120.0,1.0,0.0
DISTRITO FEDERAL,120.0,1.0,0.0
DISTRITO FEDERAL,120.0,1.0,0.0
DISTRITO FEDERAL,120.0,1.0,0.0
DISTRITO FEDERAL,120.0,1.0,0.0
DISTRITO FEDERAL,120.0,1.0,0.0
DISTRITO FEDERAL,120.0,1.0,0.0
DISTRITO FEDERAL,120.0,1.0,0.0
DISTRITO FEDERAL,120.0,1.0,0.0
DISTRITO FEDERAL,120.0,1.0,0.0
DISTRITO FEDERAL,120.0,1.0,0.0
DISTRITO FEDERAL,120.0,1.0,0.0
DISTRITO FEDERAL,120.0,1.0,0.0
DISTRITO FEDERAL,120.0,1.0,0.0
DISTRITO FEDERAL,120.0,1.0,0.0
DISTRITO FEDERAL,118.0,1.0,0.0
DISTRITO FEDERAL,118.0,1.0,0.0
DISTRITO FEDERAL,120.0,1.0,0.0
DISTRITO FEDERAL,120.0,1.0,0.0
DISTRITO FEDERAL,120.0,1.0,0.0
DISTRITO FEDERAL,120.0,1.0,0.0
DISTRITO FEDERAL,120.0,1.0,0.0
DISTRITO FEDERAL,120.0,1.0,0.0
DISTRITO FEDERAL,120.0,1.0,0.0
DISTRITO FEDERAL,120.0,1.0,0.0
DISTRITO FEDERAL,120.0,1.0,0.0
DISTRITO FEDERAL,120.0,1.0,0.0
DISTRITO FEDERAL,120.0,1.0,0.0
DISTRITO FEDERAL,120.0,1.0,0.0
DISTRITO FEDERAL,120.0,1.0,0.0
DISTRITO FEDERAL,120.0,1.0,0.0
DISTRITO FEDERAL,120.0,1.0,0.0
DISTRITO FEDERAL,120.0,1.0,0.0
DISTRITO FEDERAL,120.0,1.0,0.0
DISTRITO FEDERAL,120.0,1.0,0.0
DISTRITO FEDERAL,120.0,1.0,0.0
DISTRITO FEDERAL,120.0,1.0,0.0
DISTRITO FEDERAL,120.0,1.0,0.0
